Ticker,LLY,PWR,CDNS,ORLY,AJG,COST,NVDA,AAPL,NFLX,GOOG,META,AMZN,MSFT,TSLA,JPM,GOOGL,WMT,V,XOM,ORCL,PLTR,JNJ,AMD,BAC,PG,KO,CSCO,MU,TSM,CRM,TMUS,MS,IBM,AXP,ANET,RSG,MSI,GWW,PGR,MCK,WM,APH,AVGO,HUBB,SPY,HYG
LLY,1.0,-0.025646398070430548,0.23007747477502122,0.10462079710000358,0.07294346193569486,0.1982665275029489,0.1664358789001491,0.2051755559747706,0.2183973934295206,0.12088438375011755,-0.05107386149769066,0.08859954443795005,0.22672858841706256,-0.0992213362674191,0.02459412988509147,0.11099639658905035,0.22365221480364064,0.045143001964814404,0.046715596976982084,0.08728736786134378,0.16816984366583368,0.35521976043568226,0.0857253583619586,-0.10760564559236074,0.09688935581134975,0.18729232283321853,0.11760332418387853,0.10958502477142346,0.07073647022633665,0.09984887874503645,0.06191341364424335,-0.1145711704436147,0.0849819542193128,-0.11436295701185023,0.1991238814068165,0.16183385872760528,0.22559243955971892,-0.03623437153448486,0.12416537983509172,0.13770309861563493,0.13563781416528134,0.09325759836674376,0.14391957989363063,0.15745825180114922,0.18134989346847458,0.11462245561497166
PWR,-0.025646398070430548,1.0,0.43958473824846606,0.17265352739948128,0.2028396257886932,0.3425758988577814,0.4367984355011032,0.19360246541585555,0.3852182760359118,0.40154986785351265,0.17183665956667493,0.43702349492850795,0.39910244287235297,0.4541557755994719,0.4691571711741955,0.4040014290560601,0.2717375460059832,0.2698032022451557,0.1067016073758233,0.4899266758052767,0.2820037614031912,0.010770083109067215,0.35120687914109755,0.43888771007617905,-0.04226059840277813,0.029844432032531776,0.2952410121595509,0.2512189834994,0.3040867015935038,0.3914750713569158,0.05173946422782561,0.4299698153983791,0.21761425789192168,0.4222707706447052,0.29234970098855795,0.18375395917727946,0.3855557316326617,0.4337635203585037,-0.016106202770513414,0.11009140298875615,0.2414621374115308,0.5686941325843476,0.3407730145571806,0.5739905733479956,0.5709067748510437,0.3679703123180082
CDNS,0.23007747477502122,0.43958473824846606,1.0,0.27147019969820907,0.12144815641936277,0.3975032208271151,0.5519497705792299,0.3670261298949507,0.4946299972932721,0.44865356805454526,0.3740522424495837,0.5600088000929156,0.6884817620440994,0.41523836726091146,0.22426145914831833,0.45608830033776704,0.22447989307096464,0.1586613574184059,-0.14185019705991372,0.4443033132252327,0.31394776730034324,-0.04198542088860538,0.547457765390303,0.17341966466050138,-0.0211348089067935,-0.02316580972881791,0.26037887306414864,0.22152896840845235,0.4986922398878705,0.4388537006202379,-0.0049457279314178105,0.2595352183411436,-0.05611134615648818,0.137022517377551,0.5961169791766365,0.2825201933189126,0.5756213995518856,0.338032962922416,0.0039889108222655265,0.02383263470692019,0.3386306779912071,0.5067545911837772,0.43828638110634033,0.45510385524778024,0.5331476431150991,0.41039159905860767
ORLY,0.10462079710000358,0.17265352739948128,0.27147019969820907,1.0,0.5695343747932823,0.27835873457081606,0.19280129638071905,0.28507104215916684,0.3825741603887995,0.01738055281990222,0.0823479635056308,0.17736857067741038,0.2623819536099475,0.020047241345749853,0.35080631442893284,0.022422337143570326,0.22334879524410858,0.44059589354897,0.2110915401312525,0.4221672158600324,0.04391219185934177,0.38631619519087973,0.02287732812109308,0.2668462728873091,0.32918070974346475,0.2885988141717902,0.3232714709767105,0.02407925156922956,-0.09921215202552561,0.17800027428402898,0.4234074230792279,0.1082245684452069,0.3065010851065877,0.15112881197102174,0.27255652006636716,0.5093525262249069,0.6226264318698969,0.4671562686740935,0.44446359973706184,0.3205860403385974,0.4884514052522527,0.1918326103867191,0.029369869790128414,0.27617357180666297,0.4411310581272076,0.39154675338399947
AJG,0.07294346193569486,0.2028396257886932,0.12144815641936277,0.5695343747932823,1.0,0.46446242756718276,0.18890821559918392,0.25844919959156193,0.32257909768221726,-0.007831305782466321,0.1373296100408208,0.15168311926319986,0.27145354855128556,0.1521631291941478,0.30410991412358096,-0.02394507035972349,0.39368650940356675,0.4928502342726691,0.23496776492728852,0.32729285959699983,-0.0046884164956490625,0.3122275750714751,-0.18777565977100372,0.31005467437766243,0.45853799224019826,0.3693666668587099,0.24614308849219366,-0.013261438463149073,-0.05316220366702509,0.13415772057531106,0.4818079085987217,0.19084871162893735,0.23794851514613694,0.2321965487072705,0.0986910696016971,0.6427744729572752,0.5084936746505403,0.4711329177053767,0.6134135464700594,0.33961366270563487,0.5867635845007638,0.09483093646099175,-0.12877839608611685,0.15292253160766411,0.4209269297410789,0.31982277344054766
COST,0.1982665275029489,0.3425758988577814,0.3975032208271151,0.27835873457081606,0.46446242756718276,1.0,0.5320285208528135,0.5369514542626938,0.455422938106168,0.3479387946781333,0.30072669237224153,0.5048424776654743,0.48824888932331895,0.39314740300420975,0.2748049155913655,0.34732314912764106,0.6417548192714417,0.404483684597495,-0.1354991618824542,0.31167030876482155,0.30638107852601293,0.1488419847442543,0.34034994467727275,0.3507627519121553,0.3793123451485696,0.3160069120841534,0.4442694265413649,0.1967361186047574,0.2513117930499406,0.48018070265825163,0.4409614293829064,0.32402169956259735,0.20519114688830892,0.34261866332009255,0.44921875001823913,0.5755854800304923,0.5046422543411018,0.510294484017075,0.25811981894364955,0.3071082524443681,0.602312744623668,0.526070074368491,0.23901624295356644,0.3300284488376879,0.6437834569468219,0.4800779850726042
NVDA,0.1664358789001491,0.4367984355011032,0.5519497705792299,0.19280129638071905,0.18890821559918392,0.5320285208528135,1.0,0.5294255702579213,0.5949465944267203,0.5620959335475115,0.47434388155186935,0.687795715495681,0.7194518716640964,0.3946798381087477,0.4064046451550962,0.5602395230435004,0.27960724794400693,0.25530125218238897,0.007776682090452547,0.5371335889413863,0.40256372132926826,-0.04392367938518402,0.7088575091425351,0.39328239387134445,0.03264567875424497,-0.042155397105652706,0.43500351946280236,0.4808218495545634,0.628539731252755,0.5768083847853869,0.09846846663012616,0.3336440606095441,0.10256414079972258,0.3453369256434149,0.5799114655770514,0.17410117170124784,0.46028526580538043,0.4158474860968287,0.025473440333653972,0.04522171071620461,0.23089689800748428,0.560577859417312,0.5535922857461906,0.3625685915114573,0.7131069825456509,0.5491748503294501
AAPL,0.2051755559747706,0.19360246541585555,0.3670261298949507,0.28507104215916684,0.25844919959156193,0.5369514542626938,0.5294255702579213,1.0,0.38933328191590205,0.46271960424849967,0.21985012021193964,0.5580847811188613,0.5085409743518773,0.5557220811220902,0.2085071136994654,0.46201335545228395,0.34633431929937963,0.3817099204603869,0.04280059093313858,0.41868064305680186,0.2838904901672831,0.2547144112745532,0.40067368809477466,0.31634195519806724,0.20902944051631014,0.248164085415697,0.40737258918263075,0.32964404771190037,0.3700551419807628,0.44139704789836526,0.22062403621371934,0.32717150885249746,0.15215868381468048,0.3471263835724524,0.5482803640919719,0.22642015523443954,0.4705770356706526,0.3826657739602907,0.09304978540684537,0.17811463896435717,0.18871954439265387,0.48891508465746103,0.39976927830358894,0.2252017843564424,0.680442194197841,0.5877481202866343
NFLX,0.2183973934295206,0.3852182760359118,0.4946299972932721,0.3825741603887995,0.32257909768221726,0.455422938106168,0.5949465944267203,0.38933328191590205,1.0,0.3899008095885923,0.22025489682095345,0.591255054442805,0.5050830754108615,0.33465639182889073,0.5097081442473896,0.3950573991590914,0.2884329187274271,0.31974139643363,-0.08080098234417614,0.425119342724163,0.4445190831140215,-0.053882958814310516,0.3640173216533567,0.4362631069297335,-0.00977015895394112,-0.03752053923083606,0.42578048597459145,0.29625187306848294,0.36553235630312164,0.525763303752601,0.22799063106497067,0.3010181124076709,0.1585760402622894,0.3336666702312018,0.41257759328674976,0.2392871974768417,0.5420304353017237,0.3066171799880983,0.21964608277065867,0.13167363468280596,0.225466819770991,0.4850067144589447,0.4116170481869405,0.20850401238684194,0.5901608391592583,0.5698873387518892
GOOG,0.12088438375011755,0.40154986785351265,0.44865356805454526,0.01738055281990222,-0.007831305782466321,0.3479387946781333,0.5620959335475115,0.46271960424849967,0.3899008095885923,1.0,0.3155883040590689,0.6658506362112686,0.5795119487718635,0.4527600790261398,0.29254507336466484,0.9976938758306323,0.20303446099085662,0.2293920732386182,-0.03937083670764042,0.3902948790494837,0.2931001899748633,-0.03233335665346896,0.5077825061773692,0.3547122438352581,-0.06722565426905992,-0.01635256466309403,0.36411577092517267,0.46469827073192005,0.6042370173697382,0.5453859919062188,-0.09701643394947415,0.43700824468499555,0.08555684803573632,0.3751663785577355,0.5040254454126326,0.01906253507333125,0.2719218535676072,0.10296437524279461,-0.24972358936077485,-0.02851769317790301,0.07090432838324956,0.5101270224655696,0.5587415920862354,0.2602046392181369,0.6121129643420368,0.42060460765688523
META,-0.05107386149769066,0.17183665956667493,0.3740522424495837,0.0823479635056308,0.1373296100408208,0.30072669237224153,0.47434388155186935,0.21985012021193964,0.22025489682095345,0.3155883040590689,1.0,0.43777507847710234,0.5332140681742541,0.2027104568633607,0.24951407774031997,0.311060898144512,0.2802215245732603,0.21616691106857608,-0.23907104327880815,0.302375891561205,0.22731987210823967,0.049098438444058236,0.356307408797678,0.15732412190655817,0.1889978961268335,0.0408818120408379,0.20160814847566083,0.18685186212743823,0.585778210098983,0.29050227719077026,-0.01371581150850285,0.35226295519368306,0.22489682299060398,0.20854710943223445,0.3331787367044366,0.39358627228770526,0.29781254959893017,0.2095767928087417,0.13066570113405604,-0.16148385168703056,0.42067017425195774,0.23701209851522362,0.35705185474086654,0.2326550454966811,0.4522304555474776,0.33868503958852825
AMZN,0.08859954443795005,0.43702349492850795,0.5600088000929156,0.17736857067741038,0.15168311926319986,0.5048424776654743,0.687795715495681,0.5580847811188613,0.591255054442805,0.6658506362112686,0.43777507847710234,1.0,0.6406610341162642,0.5871709534998598,0.2730120743511139,0.6593593329750245,0.25980430666037324,0.3159381282942607,-0.0779757972195639,0.42609199294270383,0.4701910933001062,-0.13437284323533685,0.6005086376859488,0.3387465938367025,-0.10722877084900966,-0.10952935934541025,0.3693706331639316,0.4275791247022456,0.5560315545289102,0.6618148534377938,0.11857368114510804,0.3240135377629791,0.07888655378087552,0.4350031532126347,0.5647745259670011,0.16742218392129363,0.33909784407158244,0.32857364144134216,-0.058625935265153396,0.07653757483791798,0.24677913002418397,0.5062791471938403,0.5161042827365073,0.3093650400317641,0.6778395613637808,0.5610165875509235
MSFT,0.22672858841706256,0.39910244287235297,0.6884817620440994,0.2623819536099475,0.27145354855128556,0.48824888932331895,0.7194518716640964,0.5085409743518773,0.5050830754108615,0.5795119487718635,0.5332140681742541,0.6406610341162642,1.0,0.3949684050509805,0.3089579883906068,0.57780878061461,0.3619962214953504,0.27017370991113315,-0.07077766470584779,0.6389063256019389,0.37138374932380663,0.096273249354075,0.6248250825347127,0.3070035873934659,0.23741225012654332,0.1698559271950541,0.4014928598573101,0.34692288543418626,0.5908804065716062,0.5398557718140115,-0.007986273564908265,0.29584880431183,0.16163013709909316,0.29658628434908174,0.636607713387588,0.3977454803788086,0.5290115805944691,0.4254170764788365,0.06330621029188467,0.08475441389687138,0.42561087638230005,0.5581732737863154,0.5723794730506051,0.4019960911069591,0.7406107117677944,0.5307462008316712
TSLA,-0.0992213362674191,0.4541557755994719,0.41523836726091146,0.020047241345749853,0.1521631291941478,0.39314740300420975,0.3946798381087477,0.5557220811220902,0.33465639182889073,0.4527600790261398,0.2027104568633607,0.5871709534998598,0.3949684050509805,1.0,0.13792839594571255,0.45681413893842227,0.2642161308855106,0.046807450923630436,-0.13573077955576962,0.30002196357123245,0.5369030543861552,-0.09830667949100236,0.2806367826834785,0.24918689268260055,-0.2006653501701432,-0.20909755659919246,0.20149064269624767,0.17659841360921621,0.38757721660294747,0.48448715347648413,-0.09221668524515805,0.3156267208640434,0.0006705750960259912,0.3078805962488313,0.4111696900337029,0.1624408606536494,0.20841571458987057,0.2636116750678228,-0.08176743870324524,0.043814031319138,0.07125970591786002,0.3946717814744273,0.3835080740987665,0.3214339562656346,0.45455548611823704,0.3222809370874133
JPM,0.02459412988509147,0.4691571711741955,0.22426145914831833,0.35080631442893284,0.30410991412358096,0.2748049155913655,0.4064046451550962,0.2085071136994654,0.5097081442473896,0.29254507336466484,0.24951407774031997,0.2730120743511139,0.3089579883906068,0.13792839594571255,1.0,0.29793078110314253,0.24455363606687244,0.49137094992163166,0.377835669409459,0.4698204808006366,0.16861163695253267,0.2797056978516691,0.25873501588258513,0.8740482493217699,0.1375059379481107,0.1712450289260902,0.3395617677772344,0.44609444906011836,0.3864285239947371,0.279052133960067,0.2894402224757413,0.7686775780960939,0.3740233519005837,0.6339053436091366,0.1437916995099291,0.2479954142859079,0.4627192230404634,0.42603615020015345,0.24915275372040188,0.18952635480179716,0.20499873139084684,0.4917355054696654,0.29195896186255516,0.4012866041839508,0.6868230010455705,0.6392761272567883
GOOGL,0.11099639658905035,0.4040014290560601,0.45608830033776704,0.022422337143570326,-0.02394507035972349,0.34732314912764106,0.5602395230435004,0.46201335545228395,0.3950573991590914,0.9976938758306323,0.311060898144512,0.6593593329750245,0.57780878061461,0.45681413893842227,0.29793078110314253,1.0,0.19261254878583128,0.22400627440610252,-0.052407242114374884,0.39427885783386607,0.2954628621425094,-0.02874168688995412,0.5169855395857833,0.3552993418862795,-0.06419061973382297,-0.01403267049155804,0.3743125154326856,0.4727161987774652,0.6029899811004746,0.542052800354353,-0.09794188714596108,0.43700549250953,0.0849395444815119,0.3735426519288156,0.5065727681787292,0.012396906329350114,0.2728053012437191,0.09427261103595186,-0.2594452495513648,-0.02804095275173889,0.06312618379145284,0.5187440499371935,0.5718317364978803,0.2612714188401384,0.6120270244457948,0.4261953818839499
WMT,0.22365221480364064,0.2717375460059832,0.22447989307096464,0.22334879524410858,0.39368650940356675,0.6417548192714417,0.27960724794400693,0.34633431929937963,0.2884329187274271,0.20303446099085662,0.2802215245732603,0.25980430666037324,0.3619962214953504,0.2642161308855106,0.24455363606687244,0.19261254878583128,1.0,0.34383196323741183,-0.0831279056650868,0.3840352893005244,0.3379629526412812,0.22605532350901764,-0.007666870975977537,0.23225174466111187,0.4532984236589525,0.30172115038109715,0.4182919697403321,-0.016865033488157915,0.17192161452393637,0.2701023052663142,0.25449163207007586,0.25882327099165897,0.2691942512887681,0.2902526675084039,0.43158639919503583,0.4745056596727955,0.4256946475567037,0.4928268220014523,0.2757914105276237,0.2697518278137318,0.5370206943983855,0.4592662908107494,0.1717103740467019,0.4126889025889217,0.4916461306051307,0.32451497867132145
V,0.045143001964814404,0.2698032022451557,0.1586613574184059,0.44059589354897,0.4928502342726691,0.404483684597495,0.25530125218238897,0.3817099204603869,0.31974139643363,0.2293920732386182,0.21616691106857608,0.3159381282942607,0.27017370991113315,0.046807450923630436,0.49137094992163166,0.22400627440610252,0.34383196323741183,1.0,0.36000123189192396,0.37866426106764456,-0.03299290673380144,0.3038194260179684,0.11160581101058012,0.4883841031622559,0.4559341767781213,0.506450843383576,0.39787908263799215,0.20712887543069028,0.21454051389624712,0.3164933214300089,0.5080043606812054,0.49518090628000183,0.421948713056493,0.6648761521928744,0.14595610978686555,0.33574577172091624,0.352122084557591,0.5351925660321712,0.42569503621309174,0.24605713406390944,0.34958498296219304,0.404400826813178,0.18164907041955655,0.2751406572779338,0.6107620082352848,0.6125284542165429
XOM,0.046715596976982084,0.1067016073758233,-0.14185019705991372,0.2110915401312525,0.23496776492728852,-0.1354991618824542,0.007776682090452547,0.04280059093313858,-0.08080098234417614,-0.03937083670764042,-0.23907104327880815,-0.0779757972195639,-0.07077766470584779,-0.13573077955576962,0.377835669409459,-0.052407242114374884,-0.0831279056650868,0.36000123189192396,1.0,0.15073664721354693,-0.3056267536191376,0.2166991199344677,-0.04288821469417378,0.4586968346267181,0.08690230949327177,0.21980709015564873,0.05276057290320227,0.21987855896547143,-0.036216803604828776,-0.06573656687065059,0.20212011797602789,0.31851218719676844,0.052164898977074624,0.3849748082893438,-0.1535090113204284,-0.0668314905911535,0.1241696902805201,0.2192359754503038,0.24070630119697234,0.16373639522448868,-0.05214384656051262,0.008821463190917133,-0.2160941369975161,0.0840058020809232,0.22429025608781744,0.28122610588809077
ORCL,0.08728736786134378,0.4899266758052767,0.4443033132252327,0.4221672158600324,0.32729285959699983,0.31167030876482155,0.5371335889413863,0.41868064305680186,0.425119342724163,0.3902948790494837,0.302375891561205,0.42609199294270383,0.6389063256019389,0.30002196357123245,0.4698204808006366,0.39427885783386607,0.3840352893005244,0.37866426106764456,0.15073664721354693,1.0,0.24787426433964993,0.1825418738502741,0.34522539788417356,0.43115310690157127,0.20213744250283816,0.17406160957525124,0.4966149985309025,0.360772916790545,0.4600925790315363,0.4220171398169573,0.16502427191623045,0.4017194110029578,0.41032540291553093,0.3653361924006834,0.48155083920541364,0.2254911308590403,0.4704058023663154,0.4310908944573642,0.1465447729920253,0.18349335859850602,0.27876411168130494,0.5123397523837632,0.41521713339102356,0.38249996811784615,0.693750222334637,0.4838942951228272
PLTR,0.16816984366583368,0.2820037614031912,0.31394776730034324,0.04391219185934177,-0.0046884164956490625,0.30638107852601293,0.40256372132926826,0.2838904901672831,0.4445190831140215,0.2931001899748633,0.22731987210823967,0.4701910933001062,0.37138374932380663,0.5369030543861552,0.16861163695253267,0.2954628621425094,0.3379629526412812,-0.03299290673380144,-0.3056267536191376,0.24787426433964993,1.0,0.01603461634039914,0.21974386808952748,0.11357556814318778,-0.16891513734891883,-0.23717583800966513,0.14109140100521428,0.03346407141446003,0.2947556237678479,0.5813486610756424,0.03570420741767494,0.042380683640531845,0.08255400881767021,0.07381350523088394,0.1958584677356198,0.13682949769410802,0.212384761552447,0.04835685220279854,-0.1286746696274665,0.09093998619375497,0.07278242649101088,0.30392172840073023,0.29221641173393337,0.17700259634342735,0.31637848863369716,0.22002851876791896
JNJ,0.35521976043568226,0.010770083109067215,-0.04198542088860538,0.38631619519087973,0.3122275750714751,0.1488419847442543,-0.04392367938518402,0.2547144112745532,-0.053882958814310516,-0.03233335665346896,0.049098438444058236,-0.13437284323533685,0.096273249354075,-0.09830667949100236,0.2797056978516691,-0.02874168688995412,0.22605532350901764,0.3038194260179684,0.2166991199344677,0.1825418738502741,0.01603461634039914,1.0,-0.05526139034500498,0.21366192246745724,0.4108780138436266,0.5029532740046243,0.2464378018456586,0.03452372491048575,-0.012188395033729838,-0.08409057106868753,0.297597728886984,0.2488600231428321,0.3285289073401516,0.09936242524164927,0.06426327367454068,0.3047847461904291,0.2841379802118531,0.2156127904006056,0.2177966587916198,0.1923829175806094,0.2925995456913975,0.13803240541176312,-0.015452682848003376,0.26396789266927256,0.34728536965350804,0.3001914509335948
AMD,0.0857253583619586,0.35120687914109755,0.547457765390303,0.02287732812109308,-0.18777565977100372,0.34034994467727275,0.7088575091425351,0.40067368809477466,0.3640173216533567,0.5077825061773692,0.356307408797678,0.6005086376859488,0.6248250825347127,0.2806367826834785,0.25873501588258513,0.5169855395857833,-0.007666870975977537,0.11160581101058012,-0.04288821469417378,0.34522539788417356,0.21974386808952748,-0.05526139034500498,1.0,0.2512785125418814,-0.03679334784135569,0.014559810975311243,0.339786132740672,0.5462642482172926,0.5884846867627096,0.46084722385921745,-0.030718031955415323,0.25086793030322657,0.129400662510472,0.31266775891433396,0.5078310447811195,0.02076549249019863,0.2701347163538456,0.29238324461502535,-0.19993982387322987,-0.007978197437830254,0.10557306696434281,0.5503245004018246,0.4933096048499361,0.3380547572822261,0.561098659698037,0.510637311961204
BAC,-0.10760564559236074,0.43888771007617905,0.17341966466050138,0.2668462728873091,0.31005467437766243,0.3507627519121553,0.39328239387134445,0.31634195519806724,0.4362631069297335,0.3547122438352581,0.15732412190655817,0.3387465938367025,0.3070035873934659,0.24918689268260055,0.8740482493217699,0.3552993418862795,0.23225174466111187,0.4883841031622559,0.4586968346267181,0.43115310690157127,0.11357556814318778,0.21366192246745724,0.2512785125418814,1.0,0.1704356820040647,0.2403872013175367,0.3566211971756094,0.49749139148362775,0.3514134119566186,0.3175118953255625,0.26967802264724783,0.8146196507035887,0.3257927796121889,0.7318354587151285,0.1611881756456422,0.2355633799067675,0.40342249361717397,0.44681050300756553,0.24576153611742463,0.1862521092656072,0.20603850672361743,0.4975980136148811,0.22406099643785068,0.3691296259708722,0.707943951490784,0.6166853376177717
PG,0.09688935581134975,-0.04226059840277813,-0.0211348089067935,0.32918070974346475,0.45853799224019826,0.3793123451485696,0.03264567875424497,0.20902944051631014,-0.00977015895394112,-0.06722565426905992,0.1889978961268335,-0.10722877084900966,0.23741225012654332,-0.2006653501701432,0.1375059379481107,-0.06419061973382297,0.4532984236589525,0.4559341767781213,0.08690230949327177,0.20213744250283816,-0.16891513734891883,0.4108780138436266,-0.03679334784135569,0.1704356820040647,1.0,0.6943281061397668,0.3854855153292603,0.013916333730395533,-0.051803474639961836,0.0041534842796056674,0.2909126116294295,0.0806900799649773,0.3701538401630133,0.2205326659559774,0.12801492241006515,0.557487768205552,0.3851864991641166,0.4078560989214559,0.4429574114760044,0.31208080723827,0.5343369907197462,0.24201325106620983,-0.02361639695322137,0.10762886339574096,0.33680950184939223,0.2597267086587048
KO,0.18729232283321853,0.029844432032531776,-0.02316580972881791,0.2885988141717902,0.3693666668587099,0.3160069120841534,-0.042155397105652706,0.248164085415697,-0.03752053923083606,-0.01635256466309403,0.0408818120408379,-0.10952935934541025,0.1698559271950541,-0.20909755659919246,0.1712450289260902,-0.01403267049155804,0.30172115038109715,0.506450843383576,0.21980709015564873,0.17406160957525124,-0.23717583800966513,0.5029532740046243,0.014559810975311243,0.2403872013175367,0.6943281061397668,1.0,0.3392970896618616,0.04576654647607876,-0.0846004253625772,-0.050500772731238514,0.3291431563301112,0.18891763500743058,0.34585911145207887,0.3164764172471791,-0.01622337717988949,0.4855661540574033,0.27171144424631494,0.36571619773455166,0.44595716729852175,0.2133201859833059,0.38949784892999867,0.2154236619298458,0.03223104170694151,0.1253847430236826,0.3628886602438765,0.3482991764168525
CSCO,0.11760332418387853,0.2952410121595509,0.26037887306414864,0.3232714709767105,0.24614308849219366,0.4442694265413649,0.43500351946280236,0.40737258918263075,0.42578048597459145,0.36411577092517267,0.20160814847566083,0.3693706331639316,0.4014928598573101,0.20149064269624767,0.3395617677772344,0.3743125154326856,0.4182919697403321,0.39787908263799215,0.05276057290320227,0.4966149985309025,0.14109140100521428,0.2464378018456586,0.339786132740672,0.3566211971756094,0.3854855153292603,0.3392970896618616,1.0,0.32830949177870367,0.29712086057580483,0.32337652671023265,0.30904052768260143,0.339484131294984,0.4147544507618378,0.35133154824873847,0.5202953885534207,0.2316608838833843,0.434727646351775,0.41959438461139686,0.19582176003744545,0.26437355242624255,0.3116408172515274,0.4935604110982187,0.43568145496259575,0.29146867678320115,0.6230458391810243,0.5387298805948069
MU,0.10958502477142346,0.2512189834994,0.22152896840845235,0.02407925156922956,-0.013261438463149073,0.1967361186047574,0.4808218495545634,0.32964404771190037,0.29625187306848294,0.46469827073192005,0.18685186212743823,0.4275791247022456,0.34692288543418626,0.17659841360921621,0.44609444906011836,0.4727161987774652,-0.016865033488157915,0.20712887543069028,0.21987855896547143,0.360772916790545,0.03346407141446003,0.03452372491048575,0.5462642482172926,0.49749139148362775,0.013916333730395533,0.04576654647607876,0.32830949177870367,1.0,0.5338425287187921,0.20591895408757419,0.05270984072425999,0.4334785371577756,0.34121931470102074,0.41891337850709276,0.2889827042404541,-0.09015371679820047,0.09322295412946459,0.11048181616562842,-0.038235643384882806,0.1382406964677911,-0.012502177121629076,0.4936329812891307,0.36938620769237007,0.2075908302965929,0.5298373425108681,0.5305652859865729
TSM,0.07073647022633665,0.3040867015935038,0.4986922398878705,-0.09921215202552561,-0.05316220366702509,0.2513117930499406,0.628539731252755,0.3700551419807628,0.36553235630312164,0.6042370173697382,0.585778210098983,0.5560315545289102,0.5908804065716062,0.38757721660294747,0.3864285239947371,0.6029899811004746,0.17192161452393637,0.21454051389624712,-0.036216803604828776,0.4600925790315363,0.2947556237678479,-0.012188395033729838,0.5884846867627096,0.3514134119566186,-0.051803474639961836,-0.0846004253625772,0.29712086057580483,0.5338425287187921,1.0,0.39256955884572026,-0.10053634991988188,0.48803889391885286,0.22951795466308267,0.40389586386492343,0.48496585852953333,-0.004320932146074936,0.2205909289021937,0.12525218816342998,-0.07346819462743859,-0.04918974920367252,0.10200267977318121,0.5298966385216677,0.6480564505600988,0.2070820117893671,0.5819364625781316,0.5071532230825807
CRM,0.09984887874503645,0.3914750713569158,0.4388537006202379,0.17800027428402898,0.13415772057531106,0.48018070265825163,0.5768083847853869,0.44139704789836526,0.525763303752601,0.5453859919062188,0.29050227719077026,0.6618148534377938,0.5398557718140115,0.48448715347648413,0.279052133960067,0.542052800354353,0.2701023052663142,0.3164933214300089,-0.06573656687065059,0.4220171398169573,0.5813486610756424,-0.08409057106868753,0.46084722385921745,0.3175118953255625,0.0041534842796056674,-0.050500772731238514,0.32337652671023265,0.20591895408757419,0.39256955884572026,1.0,0.08679278562136553,0.29187568816569015,0.21401781701388542,0.37777914341115815,0.4515597032305823,0.20417933987435063,0.4031844663527355,0.370019016638347,-0.09590618084228594,-0.0020341077661218685,0.1859064110888858,0.36255879467824964,0.3496607877218697,0.2816398117048937,0.5655661340878962,0.44725274285930766
TMUS,0.06191341364424335,0.05173946422782561,-0.0049457279314178105,0.4234074230792279,0.4818079085987217,0.4409614293829064,0.09846846663012616,0.22062403621371934,0.22799063106497067,-0.09701643394947415,-0.01371581150850285,0.11857368114510804,-0.007986273564908265,-0.09221668524515805,0.2894402224757413,-0.09794188714596108,0.25449163207007586,0.5080043606812054,0.20212011797602789,0.16502427191623045,0.03570420741767494,0.297597728886984,-0.030718031955415323,0.26967802264724783,0.2909126116294295,0.3291431563301112,0.30904052768260143,0.05270984072425999,-0.10053634991988188,0.08679278562136553,1.0,0.22090753559229442,0.22927731877285723,0.2836754830143476,0.028486397067094757,0.36598370624454557,0.4405201796991141,0.3378096080806906,0.5405019452092983,0.30380668197282906,0.4253967618732249,0.1039856183515566,-0.1797844543114738,-0.0098316966455462,0.32478195827729395,0.4084818792155882
MS,-0.1145711704436147,0.4299698153983791,0.2595352183411436,0.1082245684452069,0.19084871162893735,0.32402169956259735,0.3336440606095441,0.32717150885249746,0.3010181124076709,0.43700824468499555,0.35226295519368306,0.3240135377629791,0.29584880431183,0.3156267208640434,0.7686775780960939,0.43700549250953,0.25882327099165897,0.49518090628000183,0.31851218719676844,0.4017194110029578,0.042380683640531845,0.2488600231428321,0.25086793030322657,0.8146196507035887,0.0806900799649773,0.18891763500743058,0.339484131294984,0.4334785371577756,0.48803889391885286,0.29187568816569015,0.22090753559229442,1.0,0.26175720198761554,0.6832566375246061,0.20138703267372957,0.20434435039874407,0.35462194890786086,0.3979866414706024,0.09758729690756397,0.03991563638192866,0.175818490854791,0.5066916974257277,0.25275178602579534,0.47559250397971853,0.6782408485636103,0.6170769061071056
IBM,0.0849819542193128,0.21761425789192168,-0.05611134615648818,0.3065010851065877,0.23794851514613694,0.20519114688830892,0.10256414079972258,0.15215868381468048,0.1585760402622894,0.08555684803573632,0.22489682299060398,0.07888655378087552,0.16163013709909316,0.0006705750960259912,0.3740233519005837,0.0849395444815119,0.2691942512887681,0.421948713056493,0.052164898977074624,0.41032540291553093,0.08255400881767021,0.3285289073401516,0.129400662510472,0.3257927796121889,0.3701538401630133,0.34585911145207887,0.4147544507618378,0.34121931470102074,0.22951795466308267,0.21401781701388542,0.22927731877285723,0.26175720198761554,1.0,0.3244774165582018,0.15602832297603525,0.22263601873847036,0.2291969858139173,0.25040783102038094,0.33212148058551444,0.3485846688697218,0.18404076128958372,0.27350784128267464,0.19473528513817437,0.16915384464361163,0.4134753189104343,0.34654346133358055
AXP,-0.11436295701185023,0.4222707706447052,0.137022517377551,0.15112881197102174,0.2321965487072705,0.34261866332009255,0.3453369256434149,0.3471263835724524,0.3336666702312018,0.3751663785577355,0.20854710943223445,0.4350031532126347,0.29658628434908174,0.3078805962488313,0.6339053436091366,0.3735426519288156,0.2902526675084039,0.6648761521928744,0.3849748082893438,0.3653361924006834,0.07381350523088394,0.09936242524164927,0.31266775891433396,0.7318354587151285,0.2205326659559774,0.3164764172471791,0.35133154824873847,0.41891337850709276,0.40389586386492343,0.37777914341115815,0.2836754830143476,0.6832566375246061,0.3244774165582018,1.0,0.19481258802262452,0.18167334506153104,0.28645029535748096,0.5024110758013357,0.20452400928982686,0.19595057810250266,0.17540021105197634,0.47855000014729854,0.3044990025209237,0.42222141057289597,0.6637460118308216,0.6440341094539122
ANET,0.1991238814068165,0.29234970098855795,0.5961169791766365,0.27255652006636716,0.0986910696016971,0.44921875001823913,0.5799114655770514,0.5482803640919719,0.41257759328674976,0.5040254454126326,0.3331787367044366,0.5647745259670011,0.636607713387588,0.4111696900337029,0.1437916995099291,0.5065727681787292,0.43158639919503583,0.14595610978686555,-0.1535090113204284,0.48155083920541364,0.1958584677356198,0.06426327367454068,0.5078310447811195,0.1611881756456422,0.12801492241006515,-0.01622337717988949,0.5202953885534207,0.2889827042404541,0.48496585852953333,0.4515597032305823,0.028486397067094757,0.20138703267372957,0.15602832297603525,0.19481258802262452,1.0,0.1433419527628164,0.5394263035750592,0.406978604457064,-0.020578596846662967,0.047150153277206196,0.24667257497459325,0.49661449210296593,0.5818734564755639,0.3972161758218773,0.5831917443428762,0.4230405578257722
RSG,0.16183385872760528,0.18375395917727946,0.2825201933189126,0.5093525262249069,0.6427744729572752,0.5755854800304923,0.17410117170124784,0.22642015523443954,0.2392871974768417,0.01906253507333125,0.39358627228770526,0.16742218392129363,0.3977454803788086,0.1624408606536494,0.2479954142859079,0.012396906329350114,0.4745056596727955,0.33574577172091624,-0.0668314905911535,0.2254911308590403,0.13682949769410802,0.3047847461904291,0.02076549249019863,0.2355633799067675,0.557487768205552,0.4855661540574033,0.2316608838833843,-0.09015371679820047,-0.004320932146074936,0.20417933987435063,0.36598370624454557,0.20434435039874407,0.22263601873847036,0.18167334506153104,0.1433419527628164,1.0,0.5953416574861704,0.555711310520814,0.5413719373347073,0.35684046891060617,0.8696188074469432,0.26149303169107124,-0.021857493622847415,0.29798728093150345,0.4400576061060565,0.2800502659493128
MSI,0.22559243955971892,0.3855557316326617,0.5756213995518856,0.6226264318698969,0.5084936746505403,0.5046422543411018,0.46028526580538043,0.4705770356706526,0.5420304353017237,0.2719218535676072,0.29781254959893017,0.33909784407158244,0.5290115805944691,0.20841571458987057,0.4627192230404634,0.2728053012437191,0.4256946475567037,0.352122084557591,0.1241696902805201,0.4704058023663154,0.212384761552447,0.2841379802118531,0.2701347163538456,0.40342249361717397,0.3851864991641166,0.27171144424631494,0.434727646351775,0.09322295412946459,0.2205909289021937,0.4031844663527355,0.4405201796991141,0.35462194890786086,0.2291969858139173,0.28645029535748096,0.5394263035750592,0.5953416574861704,1.0,0.5787819125454474,0.39601003378126703,0.23527538409157742,0.5838048065066233,0.4513375638490692,0.19552970321701005,0.411713853659993,0.6699505211386302,0.5623601333053153
GWW,-0.03623437153448486,0.4337635203585037,0.338032962922416,0.4671562686740935,0.4711329177053767,0.510294484017075,0.4158474860968287,0.3826657739602907,0.3066171799880983,0.10296437524279461,0.2095767928087417,0.32857364144134216,0.4254170764788365,0.2636116750678228,0.42603615020015345,0.09427261103595186,0.4928268220014523,0.5351925660321712,0.2192359754503038,0.4310908944573642,0.04835685220279854,0.2156127904006056,0.29238324461502535,0.44681050300756553,0.4078560989214559,0.36571619773455166,0.41959438461139686,0.11048181616562842,0.12525218816342998,0.370019016638347,0.3378096080806906,0.3979866414706024,0.25040783102038094,0.5024110758013357,0.406978604457064,0.555711310520814,0.5787819125454474,1.0,0.3972081838640818,0.3471730917177961,0.5818970785243679,0.5053786876416714,0.1552746047533733,0.6131804596126234,0.6319913605533984,0.4544621689230111
PGR,0.12416537983509172,-0.016106202770513414,0.0039889108222655265,0.44446359973706184,0.6134135464700594,0.25811981894364955,0.025473440333653972,0.09304978540684537,0.21964608277065867,-0.24972358936077485,0.13066570113405604,-0.058625935265153396,0.06330621029188467,-0.08176743870324524,0.24915275372040188,-0.2594452495513648,0.2757914105276237,0.42569503621309174,0.24070630119697234,0.1465447729920253,-0.1286746696274665,0.2177966587916198,-0.19993982387322987,0.24576153611742463,0.4429574114760044,0.44595716729852175,0.19582176003744545,-0.038235643384882806,-0.07346819462743859,-0.09590618084228594,0.5405019452092983,0.09758729690756397,0.33212148058551444,0.20452400928982686,-0.020578596846662967,0.5413719373347073,0.39601003378126703,0.3972081838640818,1.0,0.3420150125253561,0.4802520338462572,0.021153824824603623,-0.1962098220558035,-0.058411310513788464,0.2341935626658744,0.22828214801417798
MCK,0.13770309861563493,0.11009140298875615,0.02383263470692019,0.3205860403385974,0.33961366270563487,0.3071082524443681,0.04522171071620461,0.17811463896435717,0.13167363468280596,-0.02851769317790301,-0.16148385168703056,0.07653757483791798,0.08475441389687138,0.043814031319138,0.18952635480179716,-0.02804095275173889,0.2697518278137318,0.24605713406390944,0.16373639522448868,0.18349335859850602,0.09093998619375497,0.1923829175806094,-0.007978197437830254,0.1862521092656072,0.31208080723827,0.2133201859833059,0.26437355242624255,0.1382406964677911,-0.04918974920367252,-0.0020341077661218685,0.30380668197282906,0.03991563638192866,0.3485846688697218,0.19595057810250266,0.047150153277206196,0.35684046891060617,0.23527538409157742,0.3471730917177961,0.3420150125253561,1.0,0.35675975765040463,0.30027979390962084,-0.06857132198579137,0.10887359953088288,0.2550966784341392,0.13724239879345915
WM,0.13563781416528134,0.2414621374115308,0.3386306779912071,0.4884514052522527,0.5867635845007638,0.602312744623668,0.23089689800748428,0.18871954439265387,0.225466819770991,0.07090432838324956,0.42067017425195774,0.24677913002418397,0.42561087638230005,0.07125970591786002,0.20499873139084684,0.06312618379145284,0.5370206943983855,0.34958498296219304,-0.05214384656051262,0.27876411168130494,0.07278242649101088,0.2925995456913975,0.10557306696434281,0.20603850672361743,0.5343369907197462,0.38949784892999867,0.3116408172515274,-0.012502177121629076,0.10200267977318121,0.1859064110888858,0.4253967618732249,0.175818490854791,0.18404076128958372,0.17540021105197634,0.24667257497459325,0.8696188074469432,0.5838048065066233,0.5818970785243679,0.4802520338462572,0.35675975765040463,1.0,0.34879117974243906,-0.016678935294634472,0.3202545648192838,0.46639576563332014,0.29335534580816136
APH,0.09325759836674376,0.5686941325843476,0.5067545911837772,0.1918326103867191,0.09483093646099175,0.526070074368491,0.560577859417312,0.48891508465746103,0.4850067144589447,0.5101270224655696,0.23701209851522362,0.5062791471938403,0.5581732737863154,0.3946717814744273,0.4917355054696654,0.5187440499371935,0.4592662908107494,0.404400826813178,0.008821463190917133,0.5123397523837632,0.30392172840073023,0.13803240541176312,0.5503245004018246,0.4975980136148811,0.24201325106620983,0.2154236619298458,0.4935604110982187,0.4936329812891307,0.5298966385216677,0.36255879467824964,0.1039856183515566,0.5066916974257277,0.27350784128267464,0.47855000014729854,0.49661449210296593,0.26149303169107124,0.4513375638490692,0.5053786876416714,0.021153824824603623,0.30027979390962084,0.34879117974243906,1.0,0.507828889512625,0.5368436242061475,0.7503685915224774,0.6604822667600357
AVGO,0.14391957989363063,0.3407730145571806,0.43828638110634033,0.029369869790128414,-0.12877839608611685,0.23901624295356644,0.5535922857461906,0.39976927830358894,0.4116170481869405,0.5587415920862354,0.35705185474086654,0.5161042827365073,0.5723794730506051,0.3835080740987665,0.29195896186255516,0.5718317364978803,0.1717103740467019,0.18164907041955655,-0.2160941369975161,0.41521713339102356,0.29221641173393337,-0.015452682848003376,0.4933096048499361,0.22406099643785068,-0.02361639695322137,0.03223104170694151,0.43568145496259575,0.36938620769237007,0.6480564505600988,0.3496607877218697,-0.1797844543114738,0.25275178602579534,0.19473528513817437,0.3044990025209237,0.5818734564755639,-0.021857493622847415,0.19552970321701005,0.1552746047533733,-0.1962098220558035,-0.06857132198579137,-0.016678935294634472,0.507828889512625,1.0,0.29759823394767615,0.5409685010610487,0.46667887221006016
HUBB,0.15745825180114922,0.5739905733479956,0.45510385524778024,0.27617357180666297,0.15292253160766411,0.3300284488376879,0.3625685915114573,0.2252017843564424,0.20850401238684194,0.2602046392181369,0.2326550454966811,0.3093650400317641,0.4019960911069591,0.3214339562656346,0.4012866041839508,0.2612714188401384,0.4126889025889217,0.2751406572779338,0.0840058020809232,0.38249996811784615,0.17700259634342735,0.26396789266927256,0.3380547572822261,0.3691296259708722,0.10762886339574096,0.1253847430236826,0.29146867678320115,0.2075908302965929,0.2070820117893671,0.2816398117048937,-0.0098316966455462,0.47559250397971853,0.16915384464361163,0.42222141057289597,0.3972161758218773,0.29798728093150345,0.411713853659993,0.6131804596126234,-0.058411310513788464,0.10887359953088288,0.3202545648192838,0.5368436242061475,0.29759823394767615,1.0,0.5484595595136963,0.39893879095519075
SPY,0.18134989346847458,0.5709067748510437,0.5331476431150991,0.4411310581272076,0.4209269297410789,0.6437834569468219,0.7131069825456509,0.680442194197841,0.5901608391592583,0.6121129643420368,0.4522304555474776,0.6778395613637808,0.7406107117677944,0.45455548611823704,0.6868230010455705,0.6120270244457948,0.4916461306051307,0.6107620082352848,0.22429025608781744,0.693750222334637,0.31637848863369716,0.34728536965350804,0.561098659698037,0.707943951490784,0.33680950184939223,0.3628886602438765,0.6230458391810243,0.5298373425108681,0.5819364625781316,0.5655661340878962,0.32478195827729395,0.6782408485636103,0.4134753189104343,0.6637460118308216,0.5831917443428762,0.4400576061060565,0.6699505211386302,0.6319913605533984,0.2341935626658744,0.2550966784341392,0.46639576563332014,0.7503685915224774,0.5409685010610487,0.5484595595136963,1.0,0.8388443786703187
HYG,0.11462245561497166,0.3679703123180082,0.41039159905860767,0.39154675338399947,0.31982277344054766,0.4800779850726042,0.5491748503294501,0.5877481202866343,0.5698873387518892,0.42060460765688523,0.33868503958852825,0.5610165875509235,0.5307462008316712,0.3222809370874133,0.6392761272567883,0.4261953818839499,0.32451497867132145,0.6125284542165429,0.28122610588809077,0.4838942951228272,0.22002851876791896,0.3001914509335948,0.510637311961204,0.6166853376177717,0.2597267086587048,0.3482991764168525,0.5387298805948069,0.5305652859865729,0.5071532230825807,0.44725274285930766,0.4084818792155882,0.6170769061071056,0.34654346133358055,0.6440341094539122,0.4230405578257722,0.2800502659493128,0.5623601333053153,0.4544621689230111,0.22828214801417798,0.13724239879345915,0.29335534580816136,0.6604822667600357,0.46667887221006016,0.39893879095519075,0.8388443786703187,1.0
