Date,SPY,MCK,AVGO,PWR,HYG
2015-09-01,161.0924835205078,171.0741729736328,9.515484809875488,23.75359535217285,48.40739822387695
2015-10-01,175.7037353515625,165.31405639648438,9.401768684387207,19.730892181396484,49.954368591308594
2015-11-01,176.3459014892578,175.06832885742188,9.960699081420898,21.63431167602539,48.71601486206055
2015-12-01,172.2729949951172,182.6237335205078,11.083137512207031,19.868247985839844,47.48581314086914
2016-01-01,164.6702117919922,149.05825805664062,10.241070747375488,18.347469329833984,47.198421478271484
2016-02-01,164.5343017578125,144.09518432617188,10.260984420776367,19.90749168395996,47.66868591308594
2016-03-01,174.7007598876953,145.86737060546875,11.833412170410156,22.134700775146484,48.86805725097656
2016-04-01,176.29393005371094,155.6722869873047,11.2001953125,23.272830963134766,50.424015045166016
2016-05-01,179.29298400878906,169.88328552246094,11.861836433410645,23.57699203491211,50.5140495300293
2016-06-01,178.98538208007812,173.1392822265625,11.941753387451172,22.684144973754883,51.406761169433594
2016-07-01,186.4779052734375,180.75057983398438,12.48666763305664,25.117389678955078,52.088138580322266
2016-08-01,186.70127868652344,171.51605224609375,13.599813461303711,25.244935989379883,53.123878479003906
2016-09-01,185.77362060546875,155.15066528320312,13.299172401428223,27.462329864501953,53.707820892333984
2016-10-01,183.4750213623047,118.32389831542969,13.166083335876465,28.2080020904541,53.172149658203125
2016-11-01,190.2339630126953,133.80638122558594,13.182320594787598,33.08430862426758,53.178672790527344
2016-12-01,192.95306396484375,130.936279296875,13.667887687683105,34.193016052246094,53.97968292236328
2017-01-01,197.56353759765625,129.7243194580078,15.513564109802246,35.213401794433594,54.8972053527832
2017-02-01,205.3260955810547,139.9605712890625,16.402385711669922,36.6164436340332,55.49433135986328
2017-03-01,204.69224548339844,138.47427368164062,17.026819229125977,36.410404205322266,55.416168212890625
2017-04-01,207.62339782714844,129.16233825683594,17.248546600341797,34.77189254760742,55.873802185058594
2017-05-01,210.5535888671875,152.32542419433594,18.706953048706055,30.08200454711914,56.449729919433594
2017-06-01,210.86753845214844,153.67971801757812,18.20467758178711,32.29939651489258,56.52471923828125
2017-07-01,216.25119018554688,151.4459991455078,19.349868774414062,33.094120025634766,57.10007858276367
2017-08-01,216.88217163085938,139.69482421875,19.774269104003906,35.25264358520508,57.14470291137695
2017-09-01,220.15965270996094,144.05064392089844,19.02666664123535,36.66551208496094,57.485870361328125
2017-10-01,226.46585083007812,129.29953002929688,20.7877197265625,37.018714904785156,57.53831481933594
2017-11-01,233.38795471191406,138.54591369628906,21.89283561706543,37.185516357421875,57.325279235839844
2017-12-01,235.0171661376953,146.5814666748047,20.235551834106445,38.37270736694336,57.22245407104492
2018-01-01,249.53147888183594,158.73471069335938,19.666393280029297,37.76439666748047,57.73133087158203
2018-02-01,240.4584503173828,140.26519775390625,19.541908264160156,33.790740966796875,56.99067306518555
2018-03-01,232.9344024658203,132.7009735107422,18.684782028198242,33.70242691040039,56.87201690673828
2018-04-01,235.0760498046875,147.15139770507812,18.457347869873047,31.887310028076172,57.13794708251953
2018-05-01,240.79051208496094,133.7089080810547,20.279590606689453,35.33113479614258,57.157508850097656
2018-06-01,241.09271240234375,125.9606704711914,19.52092742919922,32.77035140991211,57.198974609375
2018-07-01,251.14710998535156,118.59564208984375,18.08115005493164,33.42771530151367,58.159751892089844
2018-08-01,259.1635437011719,121.57001495361328,17.857759475708008,33.93790817260742,58.58415985107422
2018-09-01,259.5295715332031,125.62947082519531,20.116165161132812,32.75072479248047,58.88935852050781
2018-10-01,242.68870544433594,118.15702819824219,18.358196258544922,30.611818313598633,57.713462829589844
2018-11-01,247.19033813476562,117.9107894897461,19.50162124633789,34.43830108642578,57.458885192871094
2018-12-01,224.11685180664062,104.9455795288086,20.887380599975586,29.532556533813477,56.01618957519531
2019-01-01,243.4744873046875,121.83642578125,22.267114639282227,34.720027923583984,59.33232498168945
2019-02-01,251.36680603027344,120.80094146728516,22.857309341430664,35.014774322509766,59.778438568115234
2019-03-01,254.79457092285156,111.54743957519531,24.961585998535156,37.077938079833984,60.55716323852539
2019-04-01,266.3716125488281,113.63431549072266,26.66610336303711,39.887752532958984,61.1588020324707
2019-05-01,249.384765625,116.38822937011719,21.074934005737305,34.18549728393555,59.98664093017578
2019-06-01,265.44744873046875,128.46588134765625,24.108366012573242,37.55881118774414,61.857994079589844
2019-07-01,270.7715148925781,132.82481384277344,24.51960563659668,36.84031677246094,61.96234130859375
2019-08-01,266.23785400390625,132.17486572265625,23.89813804626465,33.37484359741211,62.40256118774414
2019-09-01,270.170654296875,131.02523803710938,23.342620849609375,37.21443557739258,62.67432403564453
2019-10-01,277.41790771484375,127.51612854003906,24.98927879333496,41.44248962402344,62.68229293823242
2019-11-01,287.4599609375,138.67616271972656,26.982616424560547,41.03840637207031,63.02927780151367
2019-12-01,294.364990234375,132.98948669433594,26.966405868530273,40.121849060058594,64.02047729492188
2020-01-01,295.6927185058594,137.11419677734375,26.303470611572266,38.63163375854492,64.201416015625
2020-02-01,272.2840270996094,134.47015380859375,23.498661041259766,37.62513732910156,63.1085319519043
2020-03-01,236.89059448242188,130.40939331054688,20.43699073791504,31.309879302978516,56.7665901184082
2020-04-01,268.5415954589844,136.18458557128906,23.810428619384766,35.878578186035156,59.50421142578125
2020-05-01,281.33642578125,152.97991943359375,25.53296661376953,36.50025177001953,61.28260803222656
2020-06-01,285.0712585449219,148.30580139160156,27.6666259765625,38.77348709106445,60.967525482177734
2020-07-01,303.1881103515625,145.1544647216797,28.05262565612793,39.55542755126953,64.03296661376953
2020-08-01,324.349609375,148.3251190185547,30.744970321655273,50.718421936035156,64.03211212158203
2020-09-01,310.9600830078125,144.35948181152344,32.265621185302734,52.31173324584961,63.43447494506836
2020-10-01,304.4205017089844,142.96372985839844,31.246906280517578,61.841102600097656,63.67469787597656
2020-11-01,337.5343322753906,174.38877868652344,35.8897590637207,67.69532775878906,65.80695343017578
2020-12-01,348.5537109375,168.9768829345703,39.13125228881836,71.34062194824219,66.84016418457031
2021-01-01,346.4723205566406,169.51123046875,40.6048698425293,69.86416625976562,67.12908172607422
2021-02-01,356.106201171875,164.70193481445312,42.35073471069336,83.1291275024414,66.72000122070312
2021-03-01,371.05792236328125,189.49658203125,41.791011810302734,87.22364807128906,67.53809356689453
2021-04-01,391.9702453613281,182.6818389892578,41.440025329589844,95.80918884277344,67.98098754882812
2021-05-01,394.5440368652344,187.38619995117188,42.905242919921875,94.59392547607422,68.0081787109375
2021-06-01,402.0772399902344,186.66957092285156,43.31491470336914,89.85183715820312,68.91077423095703
2021-07-01,413.2405090332031,198.95870971679688,44.437625885009766,90.23889923095703,68.9844741821289
2021-08-01,425.53839111328125,199.2613067626953,45.51881790161133,101.3574447631836,69.41106414794922
2021-09-01,404.4105224609375,195.07080078125,44.394596099853516,112.99219512939453,69.16108703613281
2021-10-01,434.1717834472656,203.38711547851562,49.03028106689453,120.46033477783203,68.93360900878906
2021-11-01,430.683349609375,212.07516479492188,51.060035705566406,113.01103210449219,68.13572692871094
2021-12-01,449.0238952636719,243.71070861816406,61.363712310791016,113.88508605957031,69.44698333740234
2022-01-01,426.83612060546875,251.7013702392578,54.375125885009766,102.0257797241211,68.05868530273438
2022-02-01,414.2372131347656,269.5847473144531,54.51991653442383,108.26985168457031,67.23103332519531
2022-03-01,428.4774169921875,300.6585693359375,58.4401741027832,130.80039978027344,66.36116027832031
2022-04-01,392.0846862792969,304.0763244628906,51.80049133300781,115.26654052734375,63.562191009521484
2022-05-01,392.96966552734375,322.8153991699219,54.20555877685547,118.33052825927734,64.60955047607422
2022-06-01,359.014404296875,320.82977294921875,45.39259719848633,124.63485717773438,60.05599594116211
2022-07-01,393.768798828125,335.94635009765625,50.448402404785156,138.03021240234375,64.03997039794922
2022-08-01,377.7022705078125,360.94708251953125,47.02191925048828,140.58724975585938,61.3163948059082
2022-09-01,341.3829040527344,334.7611389160156,41.830867767333984,126.7474136352539,58.962303161621094
2022-10-01,370.6452941894531,383.51708984375,44.66211700439453,141.40090942382812,60.94647216796875
2022-11-01,391.25,375.9427185058594,52.34869384765625,149.20562744140625,63.107669830322266
2022-12-01,367.01763916015625,370.004638671875,53.11820602416992,141.8588409423828,61.64950942993164
2023-01-01,391.8897705078125,373.51611328125,56.04056930541992,151.59022521972656,64.51837158203125
2023-02-01,382.03662109375,345.0397644042969,56.929534912109375,160.763916015625,62.996944427490234
2023-03-01,394.69525146484375,351.7291564941406,61.455810546875,165.98326110839844,64.16845703125
2023-04-01,402.5309753417969,359.81982421875,60.4470329284668,168.971435546875,64.39588928222656
2023-05-01,404.38916015625,386.0970458984375,77.95496368408203,176.9687042236328,63.61573791503906
2023-06-01,428.9998474121094,422.71844482421875,83.69284057617188,195.77369689941406,64.71976470947266
2023-07-01,444.6882019042969,398.0761413574219,87.1669921875,201.00843811035156,65.4019775390625
2023-08-01,437.4610595703125,407.8895263671875,89.51820373535156,209.23341369628906,65.56338500976562
2023-09-01,415.24566650390625,430.81103515625,80.56434631347656,186.50259399414062,64.51065826416016
2023-10-01,407.6640930175781,451.1304626464844,82.0554428100586,166.68365478515625,63.80180358886719
2023-11-01,444.9017639160156,466.1893005371094,90.2827377319336,187.81832885742188,66.91183471679688
2023-12-01,463.3353576660156,459.3032531738281,108.86339569091797,215.236572265625,68.76426696777344
2024-01-01,472.62310791015625,495.9201354980469,115.6098403930664,193.6238555908203,69.49993896484375
2024-02-01,497.2878112792969,517.2691650390625,127.41477966308594,240.9796142578125,69.3653564453125
2024-03-01,511.9594421386719,533.2178344726562,129.85629272460938,259.2294616699219,70.07144927978516
2024-04-01,492.8439025878906,533.575439453125,127.93576049804688,257.9922180175781,69.16508483886719
2024-05-01,517.7718505859375,565.7363891601562,130.71824645996094,275.4282531738281,70.28380584716797
2024-06-01,534.3152465820312,580.088623046875,157.97079467773438,253.6187286376953,70.66341400146484
2024-07-01,542.5299072265625,613.5133056640625,158.59776306152344,264.8877868652344,72.28136444091797
2024-08-01,555.2063598632812,557.8911743164062,160.7100372314453,274.717041015625,73.40298461914062
2024-09-01,565.1348266601562,492.23846435546875,170.26458740234375,297.70245361328125,74.68006896972656
2024-10-01,561.809814453125,498.3812561035156,168.12110900878906,301.17724609375,73.95545196533203
2024-11-01,595.3124389648438,625.7268676757812,160.50579833984375,344.106689453125,75.16154479980469
2024-12-01,579.0403442382812,567.3953247070312,229.5882568359375,315.6708679199219,74.22673797607422
2025-01-01,596.5924682617188,592.7954711914062,219.70802307128906,307.2409973144531,75.96880340576172
2025-02-01,589.018798828125,638.1559448242188,198.0221710205078,259.400634765625,76.3595199584961
2025-03-01,554.531005859375,670.7783813476562,166.24806213378906,253.95542907714844,75.5188980102539
2025-04-01,551.3768310546875,711.2362060546875,191.68960571289062,292.4314270019531,75.59412384033203
2025-05-01,586.0280151367188,717.941650390625,241.0885009765625,342.38677978515625,76.89937591552734
2025-06-01,614.32568359375,731.1826782226562,274.5323486328125,377.8887939453125,78.34281921386719
2025-07-01,630.3324584960938,692.7117309570312,293.1976623535156,405.92462158203125,78.45126342773438
2025-08-01,643.2666015625,685.8200073242188,296.88134765625,377.8688049316406,79.29236602783203
2025-09-01,664.338134765625,771.6173706054688,329.3457336425781,414.32000732421875,80.01814270019531
2025-10-01,682.0599975585938,811.3400268554688,369.6300048828125,449.0216369628906,80.01275634765625
