,mcap,EP,FCP,ShYield,ROA,ROE,GPA,AssetGrowth,Accruals_est,Accruals_dolt,Accruals,ret_1y,vol_1y,dd_1y,ret_2y,vol_2y,dd_2y,ret_5y,vol_5y,dd_5y,downside_dev,beta_spy,max_dd_monthly,EP_z,FCP_z,ShYield_z,GPA_z,AssetGrowth_z,Accruals_z,Score
APA,,0.1264170302939511,,,0.05736650082918739,,0.2166766169154229,-0.10482792770487745,,-0.092125,-0.084981,0.04544384143903213,0.37990841804162767,-0.3086556966763706,-0.31965149269766613,0.33368465748852194,-0.5398165920066006,0.9921180210324654,0.42337997997178106,-0.638863101111279,0.5471379681522486,2.839402548312179,-0.930836074883022,2.271498852357551,,,-0.30124596507555107,-1.1350502752945744,-3.6496766260197386,6.754979788596313
LULU,,0.10829757580105648,,,0.2409842358928999,,0.8695925767274003,0.11555284702930768,,-0.034425,-0.034425,-0.4839705628050056,0.4896023689478519,-0.6005070102750368,-0.6296553139178329,0.4206350311290411,-0.676367622180583,-0.5530495362889376,0.38429559092678056,-0.6763676221805828,0.35826068706172043,1.1187219359036136,-0.676367622180583,1.7903035610672997,,,3.3460365906060607,0.22599263548351856,-0.6757316889918575,5.586079205181699
UHS,,0.09111916754904228,,,0.08595160665990009,,0.9194153815402877,0.06496490619146827,,-0.030525,-0.030525,0.08121429322163798,0.2831264182896644,-0.12463848450487214,0.6172853172586483,0.2837707575633739,-0.29771815561729353,0.7337862050922905,0.3499995908485332,-0.44591107193170176,0.2871086214874658,1.2354254357828731,-0.44591107193170165,1.3340994757857956,,,3.6243539515746965,-0.08643188671561604,-0.44631509641315814,5.491200410489267
DPZ,,0.044397095813535424,,,0.33168212541857084,,0.9194153815402877,-0.02409097815416545,,-0.034675,-0.034675,-0.13952907537493908,0.22435638798545873,-0.18113083487390502,0.05648825985965433,0.2585077116589887,-0.2306900007718593,0.09320217037794176,0.32195841855046253,-0.4781288532991468,0.2858334116897389,0.7671868242785282,-0.47812885329914667,0.093309311420332,,,3.6243539515746965,-0.636429408949105,-0.6904378808238255,5.044530552767959
EOG,,0.09096933032490792,,,0.12287047903838631,,0.326511363697261,0.02343888200955245,,-0.069675,-0.069675,-0.17984944449413343,0.22768580551030626,-0.1537636898577206,-0.07433432234510118,0.20750002221507274,-0.17984944449413343,1.8681256710625163,0.3243678350927481,-0.21780283236103481,0.3700726082266143,1.314934450148419,-0.722578330374511,1.3301202739427307,,,0.3123067440058244,-0.3428911939930629,-2.749304737299335,4.734622949240952
KR,,0.06305170376085024,,,0.04916348164707579,,0.61265955145309,0.041735513092160254,,-0.05525,-0.05525,0.05411499936520192,0.1440575247285779,-0.11270722011013035,0.48847507788343236,0.19564729669501474,-0.12141261671719028,1.127275299521969,0.2368640288696369,-0.23227906921322106,0.24491078617080003,0.46960010168553046,-0.507719320322082,0.5887165825737574,,,1.9107717192566807,-0.22989358766310106,-1.9007574685947857,4.630139358088325
STZ,,0.052820666665111475,,,-0.01970149320213852,,0.23061838323479988,-0.14571701566762982,,-0.0762,-0.0762,-0.44328380102757237,0.2556129591701724,-0.39302825901591687,-0.43321814908812284,0.23625033626402506,-0.5002299074634119,-0.31003973776839266,0.21360360766658867,-0.5002299074634119,0.24639949290596905,0.7873877207514792,-0.5002299074634118,0.3170126591793778,,,-0.22336525113696631,-1.387575947586139,-3.1331363441136975,4.614359699742248
VRSN,,0.03508341546308829,,,0.3522235906378823,,0.9194153815402877,-0.0646468673177862,,-0.02345,-0.02345,0.31389264869463607,0.2639042193512032,-0.16727189083964444,0.15897467788751496,0.22614936271189068,-0.17712181932820914,0.22526122304852692,0.24196964144748923,-0.34075330809643156,0.24122951445133634,0.7980511675579339,-0.34075330809643145,-0.1540325238967941,,,3.6243539515746965,-0.8868972889310418,-0.030129867568465907,4.38734858417741
CI,,0.07957621370565203,,,0.03259346344520963,,0.9194153815402877,-0.02441362273715631,,-0.00575,-0.00575,-0.21976557778590433,0.3760036199538551,-0.2741216559954778,0.01958559235561652,0.31963232317519247,-0.3089207411007926,0.3441373439026003,0.29039904217667145,-0.3089207411007926,0.26849542911007124,0.5650480147847156,-0.33720050583745464,1.0275552010010212,,,3.6243539515746965,-0.6384220197968994,1.011068514134863,4.279262658237753
DVN,,0.12614259715099532,,,0.09243519947997075,,0.1551312261314699,0.24751609569986488,,-0.084525,-0.084525,-0.1110325148716349,0.29168289563824684,-0.19090913792238573,-0.21478229553237538,0.2574523109302138,-0.38932550592110626,2.0417740900357875,0.3972885652581518,-0.5576804922897376,0.5119453319227246,2.0965180108605166,-0.8510423945848394,2.2642107777515474,,,-0.6450473790485867,1.0409804414885766,-3.6228525321182294,4.201035489332614
MTCH,,0.06492307692307693,,,0.12920944647012078,,0.5963459504535593,-0.1146992775574975,,-0.030025,-0.030025,0.016011305816161503,0.24687309459767728,-0.1641411354495793,0.027307138750516158,0.30441371398735007,-0.2179608042528014,-0.761050135471712,0.4067476487218035,-0.8138625496481853,0.3735350165024275,0.9649045247572678,-0.8138625496481854,0.6384143234336465,,,1.8196415953076919,-1.1960144440290026,-0.4169027127492223,4.0709730755195634
ORLY,,0.1264170302939511,,,0.16001609091060792,,0.5810131249164717,0.09917452582757587,,-0.023925,-0.023925,0.10640109534546283,0.22222470591296886,-0.1494295610348746,0.40017103581512337,0.2117937131389743,-0.14942956103487448,2.108895987487131,0.21109115776615828,-0.14942956103487448,0.20144607193629538,0.8149029402335382,-0.3251557477145436,2.271498852357551,,,1.7339902242999539,0.12484226068811775,-0.058071632049204944,3.938718448018592
CLX,,0.05973978409806003,,,0.1462952092834244,,0.5803043301575834,-0.033037732568249004,,-0.038925,-0.038925,-0.3226251343366584,0.14946035700145813,-0.3027724269977988,-0.18359074932376795,0.2268559044214423,-0.3226251343366583,-0.37027972751383886,0.24549211853233655,-0.393016849924528,0.19797787970715436,0.38595177117405766,-0.45681745225736425,0.5007624917101944,,,1.7300307947274307,-0.691683396890877,-0.9404431419672804,3.862919825295782
BMY,,0.054106909500908795,,,0.05409024682893383,,0.3592089475488516,0.0003169706062591129,,-0.06425,-0.06425,-0.1842700458346026,0.22942789568546423,-0.2727195096260919,0.027746391581314978,0.26880369058954423,-0.27271950962609204,-0.1040348509331197,0.22865966998543016,-0.4575346551546733,0.2557505122379007,0.4883033141281816,-0.4575346551546736,0.35117119283082965,,,0.49496015506532115,-0.48568910200953735,-2.430180374545631,3.7620008244513192
NFLX,,0.02176185652429661,,,0.19418101393557843,,0.383089007978161,0.08148389082890765,,-0.1762999999999999,-0.084981,0.24050244003662913,0.3176771854235442,-0.1785039825789122,1.321011800297585,0.3090326008663302,-0.1785039825789121,1.2418788230153397,0.4273904420017422,-0.7466790344401111,0.39635021864209197,1.3152355107607392,-0.7466790344401111,-0.50781091366597,,,0.6283576107769638,0.01558720710578143,-3.6496766260197386,3.754636116024951
IDXX,,0.01636373690769562,,,0.2989397280640112,,0.7536180236827125,-0.024619699683765137,,-0.03965,-0.03965,0.7141434556998372,0.2946198979221238,-0.039257792591330776,0.5519728458941602,0.32757503457312803,-0.2925959577139239,0.5682675717209069,0.3540432742312369,-0.5198444081677889,0.2905951919830885,1.2681610658265732,-0.5198444081677885,-0.6511678641938425,,,2.6981860397561896,-0.6396947241314542,-0.9830910982799872,3.669803997973789
BBY,,0.04452895178460173,,,0.050865464768473874,,0.6131315277618868,-0.023745519713261647,,-0.0395,-0.0395,-0.047857824932552084,0.2759136418732204,-0.2570154480133925,0.2625821432534148,0.3028711781467622,-0.34638526178608586,-0.07948240409635565,0.3191836074040103,-0.46066420435523325,0.2952039715473959,1.4701716589531668,-0.46066420435523303,0.09681098816399389,,,1.91340824687084,-0.6342959026914576,-0.9742673831808065,3.6187825209070983
APP,,0.011864460129408354,,,0.3522235906378823,,0.7480861753453019,0.13094894245451058,,-0.05745,-0.05745,0.8771789596093174,0.7790993890203962,-0.28307041898812835,15.866062496507684,0.9178777532975844,-0.28307041898812846,9.897087277001145,0.8354151315978996,-0.8928244301987666,0.5713531265711235,2.5013003154254148,-0.8928244301987666,-0.7706543973437453,,,2.6672843384904947,0.3210769120380876,-2.0301719567161034,3.6057249858247653
TGT,,0.09382176365578242,,,0.06821339260905807,,0.5097770213948319,0.033145816590767034,,-0.0303249999999999,-0.0303249999999999,-0.2873107363941334,0.2140659298096338,-0.32933472290436305,-0.27439367262665215,0.24562925302947358,-0.46653596058308644,-0.4220410213978981,0.31142964651042093,-0.6127733349757116,0.2892917911088691,1.054837253537462,-0.6127733349757118,1.4058718639298586,,,1.3360550937449787,-0.28294243252290247,-0.434550142947578,3.459419533145318
ADBE,,0.04744125386579048,,,0.23775267843411993,,0.7061497189139313,-0.036071069393228294,,-0.025025,-0.025025,-0.34589962589599865,0.22371585357896137,-0.24109470455363047,-0.4476849874355546,0.29107825569292517,-0.4537376004128948,-0.2946893214627282,0.35152004407971255,-0.5891617194338095,0.2843745603410551,1.2418623152133537,-0.5891617194338095,0.17415250243708455,,,2.4330212550252255,-0.7104168893500983,-0.12277887610986381,3.440369522922272
CHTR,,0.1264170302939511,,,0.03498057926616539,,0.22270215671485577,0.020038893487023167,,-0.03725,-0.03725,-0.4402599786760565,0.40552871371081944,-0.45647122556880515,-0.4446804932478913,0.4392795367204284,-0.45647122556880526,-0.6591972265274093,0.3874364143330647,-0.7279161410437858,0.3691789741547006,1.0346344138218713,-0.7279161410437858,2.271498852357551,,,-0.2675864322233207,-0.36388907949780763,-0.8419116566930952,3.209713156325133
LOW,,0.0517314548954947,,,0.15254322113539934,,0.6223621066445718,0.03738816931499533,,-0.03185,-0.03185,-0.11771880631055243,0.22374043958504244,-0.1422826267939602,0.23188087526232426,0.2459966167686993,-0.17771401866382375,0.6580214525252424,0.24042008865994408,-0.319270117146498,0.23131636470014696,1.16851553843401,-0.319270117146498,0.28808664625978114,,,1.9649715894905473,-0.25674221561516425,-0.5242579131225883,3.034058364488081
NRG,,0.0526707945038624,,,0.021564678543764523,,0.20932610379550737,-0.06497942706311621,,-0.0597,-0.0597,0.736082326470846,0.5168071293832813,-0.1271287937549862,2.773448628449131,0.40250323073660244,-0.1271287937549863,5.151654215337635,0.4032741424902614,-0.2968428199594677,0.31245052447648203,1.124393223240577,-0.3515523996799337,0.31303252951726096,,,-0.34230698966024203,-0.888951134527771,-2.1625276832038147,3.0222043575886044
CMCSA,,0.1264170302939511,,,0.08501051311030322,,0.32643903416714454,0.04301955780693569,,-0.025675,-0.025675,-0.3517179511645787,0.22154891310578037,-0.2539488214637242,-0.31150993556702333,0.22290342615853562,-0.3843981800667826,-0.3825040373236688,0.24811518256411838,-0.5060393662520413,0.2539625968602739,0.9206321654433248,-0.5060393662520413,2.271498852357551,,,0.3119027008368835,-0.22196349503920895,-0.16101497487298047,2.9663800231066237
COIN,,0.031232974942836115,,,0.03194103587023243,,0.05776910070200213,-0.24556952742613594,,-0.062925,-0.062925,0.11553004662533506,0.7141144057432568,-0.4088147335811012,1.6492945012326188,0.898312358795406,-0.4185348121891448,0.11013303711201483,0.9093850636021958,-0.8892054414190453,0.7253497040963212,3.6627103210738783,-0.8892054414190453,-0.25628802217711466,,,-1.1889262294985654,-2.0042520320414305,-2.3522375578362005,2.9112753382019507
TSCO,,0.07296627695805923,,,0.10734010351183121,,0.5445029744435823,0.07913220919075879,,-0.031875,-0.031875,-0.06330028275386601,0.22184228585337268,-0.15009709998379872,0.33064176962988157,0.2221169926524134,-0.15769603929915132,1.0136256918119044,0.23099334243374925,-0.21307749903715267,0.23972344315764885,0.8575516400753924,-0.42766861808312606,0.8520162276883684,,,1.5300392671761187,0.001063528142087205,-0.525728532305785,2.906720499028185
WBD,,0.0022431582748464766,,,0.007414934624510317,,0.16060864255042856,-0.058336187505206936,,-0.149725,-0.084981,1.1269085772088574,0.7613127443359499,-0.24345549324310112,1.133014480609337,0.6341616533206045,-0.3532513128734718,-0.1716833503560593,0.6152228763473089,-0.8612106297768239,0.38425168738746035,1.580083558371459,-0.8612106297768239,-1.0261656849662752,,,-0.6144497423162498,-0.8479233537887351,-3.6496766260197386,2.8569845525259487
DXCM,,0.023663743054416663,,,0.08492774083293086,,0.3755842032916001,0.0776267796211319,,-0.0684,-0.0684,-0.22515704628261446,0.400735182126575,-0.3411791398529187,-0.4768871012705066,0.44738907304890135,-0.5802451153446763,-0.24386884772656015,0.48602143730764774,-0.6263217909338589,0.4101000405368216,1.1763290248572105,-0.626321790933859,-0.4573028344508366,,,0.5864346912867225,-0.008233808460380791,-2.6743031589562984,2.8116688242525654
HCA,,0.05160759191869984,,,0.10022408164292967,,0.4989719100652103,0.03759215043831367,,-0.0392,-0.0392,0.4220265017996754,0.2801861942413651,-0.07598538408979594,0.8725191461096626,0.2858719454472866,-0.25993084241897113,2.211188928186675,0.3287026600082614,-0.34243849871068377,0.28016517348816855,1.479879499344379,-0.39006572963663344,0.284797238114395,,,1.2756961861819354,-0.2554824548118009,-0.956619952982445,2.7725958320905764
IVZ,,0.05385920288842795,,,0.029379588311501368,,0.07388081186123506,0.04892960732637407,,-0.07925,-0.07925,0.34924721203081277,0.41415322047555214,-0.2674584151601094,0.7984547445954184,0.39192450285207875,-0.2674584151601094,0.7737073552613141,0.3811426051172626,-0.5041785574521636,0.3462359095145229,1.5193426737542746,-0.7465331038368261,0.3445928901786178,,,-1.0989238912647543,-0.18546380031546894,-3.3125518844637063,2.7436846836930386
WSM,,0.04604921724041997,,,0.21546958383743317,,0.6940267617109718,0.0032035784293409104,,-0.019,-0.019,0.1367735483123247,0.31723638158396933,-0.26567448941159066,1.1196384697047739,0.4519977203457656,-0.26567448941159055,2.8711288271672046,0.44998702980205063,-0.4246867056904575,0.30356418713066463,1.6421138612595056,-0.4246867056904575,0.13718442099210887,,,2.365300670675653,-0.4678617887217026,0.23164034704056305,2.7387065333489016
JBHT,,0.0326362297496318,,,0.06686386584202873,,0.2492256909885723,-0.020763841689757933,,-0.064175,-0.064175,-0.09430226484353721,0.34829637751043274,-0.23536502705765794,-0.06678919630817204,0.29343612626407495,-0.3607029987857684,0.31050939206942196,0.28088687212466373,-0.36070299878576817,0.2268789609092947,1.1520718101742198,-0.3607029987857684,-0.2190220213835873,,,-0.11942215102025756,-0.6158814482500146,-2.4257685169960403,2.70320579284221
TPR,,0.007711840363765607,,,0.02101670610167061,,0.6067426686742668,-0.24556952742613594,,-0.017775,-0.017775,0.7383884257832918,0.39244439380042967,-0.17215507772987948,2.539895201786091,0.4155442292544714,-0.17215507772987948,3.235914753987748,0.40485215484485026,-0.3848252817052725,0.40109982756267404,1.493865750926512,-0.7371898824105039,-0.8809348187841205,,,1.8777191601655698,-2.0042520320414305,0.3037006870172059,2.697335686405674
C,,0.06475740537816374,,,0.005683363643670699,,,0.09023870945751025,,-0.0591,-0.0591,0.464795408904481,0.2708058097818176,-0.15444536921861263,1.335680402688459,0.2342857240988708,-0.15444536921861274,1.192750135027684,0.291436018698102,-0.4530490526529516,0.30318237471052467,1.5859273693687768,-0.469279496541973,0.6340146122092125,,,,0.06965582467906926,-2.1272328228070916,2.691591610337235
KMB,,0.0709885620250698,,,0.14553730516417865,,0.39816131881953076,-0.029456018518518517,,-0.0303249999999999,-0.0303249999999999,-0.23849335138337913,0.24489244144032485,-0.27484512319980303,-0.1102757071889231,0.20673905506555412,-0.27484512319980325,-0.12227850170054166,0.20096361611753588,-0.27484512319980314,0.17443840723523274,0.3733066769588356,-0.2748451231998029,0.7994943863910977,,,0.7125537091865809,-0.6695631982406097,-0.434550142947578,2.6161614367658665
CF,,0.09039212971181301,,,0.0957934040870381,,0.1688524288630971,-0.0018148820326678765,,-0.046225,-0.046225,-0.04157889562027639,0.25819014518552247,-0.14724381022429278,0.17282446645216787,0.2303724117478511,-0.14724381022429256,1.5087206583295747,0.3294862838149066,-0.42541146529142126,0.3430131157467333,1.004206846673695,-0.47979858098122485,1.3147916547914185,,,-0.5683987650670164,-0.4988551457560251,-1.3698639434607438,2.615111978941171
VRSK,,0.029990715798740963,,,0.1954451610838148,,0.44221094804453476,0.0056628704461083494,,-0.0481249999999999,-0.0481249999999999,-0.2634080880158327,0.20160416296185268,-0.31215361499499783,-0.09700788896496704,0.21540864121430972,-0.31215361499499783,0.120691923235549,0.25525368679280264,-0.3121536149949977,0.213379223077995,0.7965070128341134,-0.31215361499499783,-0.2892784883600373,,,0.9586212801230705,-0.45267352210002587,-1.4816310013836937,2.6036473152467527
DECK,,0.08025147657276555,,,0.2679848892622075,,0.7997743299964826,0.16122706935021547,,-0.0070999999999999,-0.0070999999999999,-0.5860379670989184,0.38158324880945393,-0.6005711546145347,-0.26695480882470324,0.4752293190336984,-0.6005711546145347,0.9117797592007424,0.37750316845855714,-0.6005711546145348,0.3011129951076892,0.9680800411159877,-0.6005711546145347,1.0454880428625464,,,2.956021812221285,0.5080706732350175,0.931655078242242,2.561784103606572
MO,,0.09881771979778804,,,0.2557408539247359,,0.42233475945167204,-0.05976095617529881,,-0.01135,-0.01135,0.05299605969082877,0.23822614620736218,-0.1475799048729266,0.5769220399261463,0.20234990133895908,-0.1475799048729266,1.1050333076953156,0.22958465746478868,-0.24264429533501775,0.23626937035872903,0.5025897791760722,-0.4077976725945369,1.5385486270172042,,,0.8475900289509252,-0.8567225391998319,0.6816498170987814,2.56121137806918
TRV,,0.09500859169120583,,,0.038671131366481946,,,0.07391253914859065,,-0.04095,-0.04095,0.02273036548510654,0.14720368376572207,-0.052182003310401015,0.5358028707996574,0.1729240241742138,-0.11207272529864587,1.2879740198216512,0.1959475804773694,-0.15234391668578828,0.19874924499016447,0.6503704842563124,-0.32345204559773144,1.4373902555260822,,,,-0.031172473006663377,-1.0595632958062204,2.528126024338966
FI,,0.10193429631894012,,,0.042383059319349894,,0.16189350299936345,-0.12723594206621922,,-0.027025,-0.027025,-0.7051955222195405,0.5314970312633572,-0.7236200147868276,-0.501263309966743,0.44872970501542697,-0.7236200147868276,-0.43445043221864565,0.34793242556056225,-0.7236200147868276,0.3248564300933276,0.8319254020692092,-0.7236200147868277,1.621315023075773,,,-0.6072723268595424,-1.27343924832502,-0.24042841076560728,2.527910355306858
XYZ,,0.09811574294178352,,,0.0808296977870738,,0.2565041095045961,-0.018329462587824197,,-0.03075,-0.03075,-0.16092602494514685,0.4220911505695027,-0.4017837259016098,0.1713700566653642,0.4466700227742597,-0.4017837259016096,-0.6478005276491408,0.5602585201223922,-0.8498526545294589,0.5615701121984936,2.6786664237021416,-0.8498526545294588,1.5199063462666125,,,-0.07876385727279214,-0.600847040539861,-0.45955066906192926,2.5015401985956105
CL,,0.04734595680265092,,,0.1738350986748734,,0.7237850516156984,0.060072815533980584,,-0.016425,-0.016425,-0.20528850826840384,0.1254784469444286,-0.18505815132238235,-0.0035988046566681753,0.15171479062245927,-0.2753350139332288,-0.015082662559613103,0.15924621622715138,-0.27533501393322934,0.15662813607384274,0.4463958981191506,-0.27533501393322934,0.17162171443380736,,,2.5315347625604363,-0.1166448003252011,0.3831141229098327,2.4366871544096123
ULTA,,0.05034497491204146,,,0.19552439717667155,,0.7397348047703437,0.1556870280098609,,-0.0233249999999999,-0.0233249999999999,0.33827325954937204,0.3145960107916054,-0.15765757358411092,0.21465293677698116,0.32481194449323975,-0.35678868691076515,0.8788308066203867,0.29994277561498167,-0.3601363708459975,0.3557510799965342,1.2830348140435093,-0.49692198440016533,0.25126613161528616,,,2.620632380062569,0.47385610074882,-0.022776771652476224,2.420819182581511
EXPE,,0.0373823105476724,,,0.04502290585843876,,0.5081156518309518,0.041825976132545475,,-0.0388,-0.0388,0.17532306955734578,0.3347800224363588,-0.20560044868130034,0.5933922710272397,0.32394778803430885,-0.25647271610007927,0.7430166763920896,0.4346184241514267,-0.5533119060544907,0.3879333382326397,1.5985807775832601,-0.6293963106202439,-0.09298115558402435,,,1.3267744441639429,-0.22933489972876447,-0.9330900460512964,2.3962182343599796
CCL,,0.08045977268070784,,,0.05294907509469507,,0.20760767180391607,0.020600341331191648,,-0.04505,-0.04505,0.12898146834191304,0.4636439372965568,-0.3371882868803986,0.9063743880827442,0.45295451750269006,-0.3371882868803986,0.4369369240365455,0.630306826497817,-0.7621786083620206,0.5022459187605021,2.377660090553131,-0.8933455778349934,1.0510197274049933,,,-0.3519063981780872,-0.3604216508666176,-1.3007448418504943,2.360279821944018
VZ,,0.10869014105197886,,,0.047578200799725925,,0.2126282425120495,0.010916638972849509,,-0.030525,-0.030525,-0.048545948049007914,0.1787757836251813,-0.09227931252081922,0.17398019868934522,0.1896671845495245,-0.09810552868852418,-0.11840633919822796,0.19075869475758686,-0.3638498458948105,0.1730033682971246,0.37299878252921725,-0.37830771524730533,1.8007288501035728,,,-0.3238607673611987,-0.4202269331595209,-0.44631509641315814,2.3434101123150533
CTRA,,0.08815088371476137,,,0.07029124481512868,,0.12300967842647519,0.15497977268349067,,-0.0634,-0.0634,-0.06307869382423492,0.2196775070853705,-0.16682159593497137,-0.014816143956563277,0.2066955025584307,-0.16682159593497137,0.7881560835649457,0.34304876429198444,-0.26786857883844095,0.2819001592554093,0.26725376423058705,-0.5025426785798144,1.2552712635551762,,,-0.8244829692578685,0.46948818413165,-2.38017932231694,2.3414794324825974
WMT,,0.026183680439880928,,,0.08073907422801109,,0.652778290025543,0.06444348372897343,,-0.031475,-0.031475,0.10897890703697,0.19422870820423296,-0.1072803795156464,1.0033137805337273,0.19077396361477708,-0.1072803795156464,1.1384022274989727,0.1958610061863158,-0.20241884110326636,0.16805962685240647,0.5327422569586311,-0.21618013637403644,-0.3903812831035168,,,2.1348807690544467,-0.08965212381186477,-0.5021986253746364,2.3363502351374312
AMZN,,0.0258267716535433,,,0.11143906024033648,,0.5244813893471498,0.22953833509367036,,-0.060925,-0.060925,0.22179999396665284,0.269897088432352,-0.22408278419752314,0.7386542978105426,0.23510205446354424,-0.22408278419752303,0.6035151800403673,0.30906110419225596,-0.5209676463567985,0.26880690164467,1.2745210338004394,-0.5209676463567985,-0.39985964943475105,,,1.4181958102014383,0.9299521376166091,-2.2345880231804576,2.322972046330536
