,sector,mcap,EP,FCP,EP_sn,FCP_sn,EP_use,FCP_use,ShYield,GPA,AssetGrowth,Accruals,EP_z,FCP_z,ShYield_z,GPA_z,Accruals_z,AssetGrowth_z,Value,Quality,Stability,Score2,beta_spy,downside_dev,max_dd_monthly,ret_5y,vol_5y,dd_5y
NRG,Utilities,,0.05327536231884058,,0.011738044050862186,,0.011738044050862186,,,0.20932610379550737,-0.06497942706311621,-0.0597,0.5106949097453937,,,2.7471378435936495,-2.795255959710613,-2.755065573456836,0.5106949097453937,5.542393803304263,2.755065573456836,2.97224859991123,1.123211971020362,0.31245053066046036,-0.35155212666616964,5.097457181459994,0.4033925264346183,-0.296842975212638
LULU,Consumer Cyclical,,0.10786732964126924,,0.06633001137329085,,0.06633001137329085,,,0.8695925767274003,0.11555284702930768,-0.034425,2.247924402838261,,,2.437945297502904,-1.112065093812733,0.04991491941476834,2.247924402838261,3.550010391315637,-0.04991491941476834,2.3091909337786056,1.11846933832182,0.35819270117906515,-0.675076762490233,-0.5512668026172474,0.38425330051212153,-0.6750767624902327
APA,Energy,,0.11188809269463294,,0.07035077442665455,,0.07035077442665455,,,0.2166766169154229,-0.10482792770487745,-0.084981,2.0624962647813514,,,0.847785187388159,-2.192424589433077,-1.276194072843793,2.0624962647813514,3.0402097768212357,1.276194072843793,2.2963212312097934,2.8254358064338243,0.5515955532213118,-0.9308360839583967,1.1108128409391949,0.42347628825724115,-0.6388630354824033
HST,Real Estate,,0.0543721968443644,,0.01283487857638601,,0.01283487857638601,,,0.24329778034015567,0.044571612799226244,-0.04805,1.547168063164508,,,2.4049710845725123,-1.734893284932704,0.007626185637025361,1.547168063164508,4.139864369505216,-0.007626185637025361,2.2732877359404844,1.2770192310636292,0.26028148956063374,-0.46765013163799174,0.5089189221890149,0.28743511240786296,-0.279773656730418
EOG,Energy,,0.0911678177225451,,0.04963049945456671,,0.04963049945456671,,,0.326511363697261,0.02343888200955245,-0.069675,1.435364467267703,,,2.1069206949620067,-1.5988523772726033,-0.7245664095259615,1.435364467267703,3.70577307223461,0.7245664095259615,2.201368297706118,1.3121284001627638,0.37007645533674993,-0.722578330374511,1.8618806949355489,0.3244016016995096,-0.21780262901008607
UHS,Healthcare,,0.08772848394545443,,0.04619116567747604,,0.04619116567747604,,,0.9194153815402877,0.06496490619146827,-0.030525,1.9304565717803377,,,2.7836133512587433,-0.7114384157552721,0.06967508216861959,1.9304565717803377,3.4950517670140155,-0.06967508216861959,2.1562683190840177,1.2260644895624435,0.2871087016678742,-0.44591117976913064,0.8007963853214177,0.3505062680003637,-0.44591117976913075
KR,Consumer Defensive,,0.061623783304991006,,0.020086465037012613,,0.020086465037012613,,,0.61265955145309,0.041735513092160254,-0.05525,0.6382622432853436,,,2.064681205334046,-2.345357844223837,0.6412436232799559,0.6382622432853436,4.4100390495578825,-0.6412436232799559,1.8910717924812996,0.46619546430103753,0.24725039984372366,-0.5077193211786674,1.1765669343431093,0.23673484962233005,-0.23227925121136872
BLDR,Industrials,,0.06022665061486283,,0.018689332346884434,,0.018689332346884434,,,0.4536928901010203,0.06933635240202414,-0.035475,1.2839528384086325,,,1.8271966637013244,-1.6887392382490392,0.23233851965460522,1.2839528384086325,3.5159359019503635,-0.23233851965460522,1.8734877922126774,2.134593710818965,0.46545187570696567,-0.5186934429091743,1.9248863569967267,0.44662932051202014,-0.48367298619289956
VST,Utilities,,0.010785340314136128,,-0.030751977953842265,,-0.030751977953842265,,,0.19473497256975963,-0.025022364217252395,-0.054825,-2.090528547199887,,,2.6260373186021875,-2.670055847817554,-2.39689728556273,-2.090528547199887,5.296093166419741,2.39689728556273,1.7616053048004876,1.1513696976861847,0.2925809761468768,-0.4012417702151616,10.4389647394474,0.4323013518777922,-0.299869384383296
CLX,Consumer Defensive,,0.060730253007947065,,0.01919293473996867,,0.01919293473996867,,,0.5803043301575834,-0.033037732568249004,-0.038925,0.6089737656367082,,,1.9055331541808667,-1.4951278658493328,-0.6898077972352206,0.6089737656367082,3.400661020030199,0.6898077972352206,1.7418154737138072,0.38935497566260885,0.19856580873036475,-0.46567638827829416,-0.38055014373972584,0.2459119099150855,-0.40291627948420883
ADBE,Technology,,0.04896773024086064,,0.007430411972882245,,0.007430411972882245,,,0.7061497189139313,-0.036071069393228294,-0.025025,0.9500106378754395,,,2.3932438645470153,-0.3717711318201996,-1.2106756464848336,0.9500106378754395,2.765014996367215,1.2106756464848336,1.7281453829940285,1.2437133422173439,0.28498270458081126,-0.5891617194338095,-0.31667604787573755,0.35192805821282225,-0.5891617194338095
CF,Basic Materials,,0.09301475208513228,,0.05147743381715389,,0.05147743381715389,,,0.1688524288630971,-0.0018148820326678765,-0.046225,1.7414296166937469,,,0.17449915200725125,-2.027543713801244,-0.7218655268191912,1.7414296166937469,2.202042865808495,0.7218655268191912,1.7217620983647353,1.0046163576639104,0.3398379475526358,-0.4797987478127347,1.4379856289983244,0.3298458627274905,-0.42541138451722726
NEM,Basic Materials,,0.07183115534047557,,0.03029383707249718,,0.03029383707249718,,,0.16563922440055912,-0.009213693020582637,-0.04795,1.2761260517557322,,,0.12395869532074885,-2.1545697388065146,-0.8722188262394852,1.2761260517557322,2.2785284341272636,0.8722188262394852,1.5963055596010958,0.28882690149110546,0.29436743967711737,-0.5769595085457699,0.6664478551529263,0.3583432956536859,-0.57695950854577
DVN,Energy,,0.11188809269463294,,0.07035077442665455,,0.07035077442665455,,,0.1551312261314699,0.24751609569986488,-0.084525,2.0624962647813514,,,-0.10570622274397658,-2.178321579663028,0.34869348831292807,2.0624962647813514,2.0726153569190515,-0.34869348831292807,1.5843059510175759,2.086909805463173,0.5119453259325067,-0.8510424084918894,2.123333031933611,0.3972671109767777,-0.5576805423102582
DPZ,Consumer Cyclical,,0.043688137695600655,,0.0021508194276222622,,0.0021508194276222622,,,0.9194153815402877,-0.02409097815416545,-0.034675,-0.15032523491081695,,,2.5459680626546426,-1.1354873833895047,-0.8062390215306658,-0.15032523491081695,3.681455446044147,0.8062390215306658,1.5736998887594653,0.7629693168318834,0.28583345328424575,-0.4781290265086464,0.11094205491389442,0.3221171753760612,-0.4781290265086464
VRSN,Technology,,0.0354589410121716,,-0.006078377255806795,,-0.006078377255806795,,,0.9194153815402877,-0.0646468673177862,-0.02345,0.1714128533197204,,,2.8092380441064586,-0.21514082970618853,-1.382164572363586,0.1714128533197204,3.024378873812647,1.382164572363586,1.5547496053256644,0.7961930638896166,0.2412295397856872,-0.3407533080964317,0.21228517581130513,0.24189066830894937,-0.34075330809643156
BMY,Healthcare,,0.053330479186940845,,0.011793160918962452,,0.011793160918962452,,,0.3592089475488516,0.0003169706062591129,-0.06425,0.7382253059621673,,,0.22367972485486545,-2.4854678211668837,-0.8165875592999641,0.7382253059621673,2.7091475460217493,0.8165875592999641,1.5422666526535596,0.48523172520569724,0.25798386323474165,-0.4575348317892155,-0.09099069846684582,0.22873361481462887,-0.4575348317892154
VRSK,Industrials,,0.030094101787906963,,-0.01144321648007143,,-0.01144321648007143,,,0.44221094804453476,0.0056628704461083494,-0.0481249999999999,-0.630311311491823,,,1.745145282123361,-2.429314787112541,-0.617477953888667,-0.630311311491823,4.174460069235902,0.617477953888667,1.541155093875365,0.7965821828759273,0.21344394784980777,-0.31451665873722945,0.11684160569721169,0.2553118239053869,-0.31451665873722956
CI,Healthcare,,0.07778366106454886,,0.03624634279657046,,0.03624634279657046,,,0.9194153815402877,-0.02441362273715631,-0.00575,1.6446413018142891,,,2.7836133512587433,1.2655320060783233,-1.1268305137770196,1.6446413018142891,1.51808134518042,1.1268305137770196,1.4904551615532875,0.5563372883258526,0.26849534782167195,-0.33720050583745464,0.37511347581568244,0.29145077762829275,-0.3089207411007926
IT,Technology,,0.07034739768729789,,0.028810079419319498,,0.028810079419319498,,,0.5258556724788355,0.12072576116222557,-0.023075,1.916910106291581,,,1.550206590893283,-0.17764054198015636,-0.12581967922925055,1.916910106291581,1.7278471328734393,0.12581967922925055,1.4830668315118585,1.327275627223895,0.3132386209922634,-0.5752445515811313,0.5169079429224919,0.3304001110236287,-0.5752445515811313
ORLY,Consumer Cyclical,,0.11188809269463294,,0.07035077442665455,,0.07035077442665455,,,0.5810131249164717,0.09917452582757587,-0.023925,2.3281631260919826,,,1.2895267022421248,-0.02334698949886142,-0.05287133753562852,2.3281631260919826,1.3128736917409862,0.05287133753562852,1.4669889946403132,0.8088268202383788,0.2030492956906591,-0.3251557477145436,2.2916326072548956,0.20988682777691745,-0.14671182072247557
TGT,Consumer Defensive,,0.09403770496368054,,0.052500386695702145,,0.052500386695702145,,,0.5097770213948319,0.033145816590767034,-0.0303249999999999,1.5814956197523844,,,1.4880083620707047,-0.8250031346481825,0.49131852304208956,1.5814956197523844,2.3130114967188873,-0.49131852304208956,1.459539141980091,1.053599284541065,0.28931715531174224,-0.6127732839618496,-0.4233681485179569,0.3114442730457609,-0.6127732839618492
XYZ,Technology,,0.11138274010562486,,0.06984542183764647,,0.06984542183764647,,,0.2565041095045961,-0.018329462587824197,-0.03075,2.7552699537997984,,,-0.6086752976918015,-0.9182623854274711,-1.0991121010533904,2.7552699537997984,0.30958708773566956,1.0991121010533904,1.4457652368248652,2.6890771608675568,0.5654564473570749,-0.8498526545294588,-0.6897516360197393,0.5633934149624801,-0.8498526545294589
PSA,Real Estate,,0.036827910266352994,,-0.0047094080016253995,,-0.0047094080016253995,,,0.1739765282973158,0.038036285443222774,-0.043375,0.7044605877973008,,,1.4344201907310188,-1.370943556082039,-0.11952023695864955,0.7044605877973008,2.805363746813058,0.11952023695864955,1.4278337812358735,0.5278514510942568,0.18959074699721346,-0.3301565930672786,0.5325690231938112,0.24590486192303868,-0.3301565930672786
IDXX,Healthcare,,0.016698425853852488,,-0.024838892414125905,,-0.024838892414125905,,,0.7536180236827125,-0.024619699683765137,-0.03965,-0.8600476878774199,,,2.48117080962436,-1.3780908908152147,-1.1293140023596926,-0.8600476878774199,3.859261700439575,1.1293140023596926,1.4255484054968006,1.2571287032229015,0.2905951919830885,-0.5198444081677885,0.5368345596834181,0.35239442327682663,-0.5198444081677889
STZ,Consumer Defensive,,0.054132392615750285,,0.012595074347771892,,0.012595074347771892,,,0.23061838323479988,-0.14571701566762982,-0.0762,0.3893069489839932,,,-0.7953919985123299,-2.804419092977693,-2.1692571929266133,0.3893069489839932,2.009027094465363,2.1692571929266133,1.3931850559650654,0.7885537921462076,0.2467419583199968,-0.5123402991478152,-0.326758724998515,0.21387655919851079,-0.5123402991478152
HCA,Healthcare,,0.04997797094500574,,0.008440652677027344,,0.008440652677027344,,,0.4989719100652103,0.03759215043831367,-0.0392,0.5957151347373182,,,1.3047162367329443,-1.3481830236468244,-0.31336526371748363,0.5957151347373182,2.652899260379769,0.31336526371748363,1.3621188107903317,1.472547462698093,0.28016523042226193,-0.3900655738024309,2.315894772444552,0.32862571028504595,-0.34243858112322034
BBY,Consumer Cyclical,,0.045931925295068246,,0.004394607027089853,,0.004394607027089853,,,0.6131315277618868,-0.023745519713261647,-0.0395,-0.04330662360412533,,,1.467211554495411,-1.553956877181267,-0.8042270065329284,-0.04330662360412533,3.021168431676678,0.8042270065329284,1.3519901245356067,1.4712510039785247,0.2957032420084614,-0.4606643195696486,-0.10759927040828754,0.3196693927817072,-0.4606643195696487
MTCH,Communication Services,,0.06419227467492385,,0.022654956406945453,,0.022654956406945453,,,0.5963459504535593,-0.1146992775574975,-0.030025,0.5793813674692215,,,2.0226145613369235,0.11154539798656109,-1.7496136175403603,0.5793813674692215,1.9110691633503625,1.7496136175403603,1.3461029358359058,0.9612292801618862,0.3735349614041522,-0.8138625496481853,-0.7583297910209589,0.4069040305761741,-0.8138625496481853
TROW,Financial Services,,0.08708357374917619,,0.0455462554811978,,0.0455462554811978,,,0.26217625167075576,0.09567755045913612,-0.022125,1.5254598482215385,,,1.0680746945112645,-0.768580985602408,0.1599194110382111,1.5254598482215385,1.8366556801136724,-0.1599194110382111,1.3128623291264423,1.3411291137135892,0.27576044606590716,-0.5598841288453427,-0.11417201459815218,0.28160685239900357,-0.5598841288453427
UPS,Industrials,,0.06993225860777817,,0.02839494033979978,,0.02839494033979978,,,0.23666832299925825,0.021680255841424415,-0.032675,1.7617516060505465,,,-0.28019067236553147,-1.4533637591786464,-0.40774342778749084,1.7617516060505465,1.173173086813115,0.40774342778749084,1.2555185627029628,1.0604884284831246,0.2684770120062555,-0.5426273032405888,-0.3223037309846568,0.2755394110169426,-0.5426273032405889
UAL,Industrials,,0.10335625544963739,,0.061818937181659,,0.061818937181659,,,0.22693560268936022,0.05336227373249242,-0.0264249999999999,2.6671833747688676,,,-0.3866269748219867,-0.8382536802369287,0.01724504752448701,2.6671833747688676,0.451626705414942,-0.01724504752448701,1.2440750225686266,1.4660592755509094,0.41366916730653297,-0.7100310051660548,1.1627081455092374,0.4628304572530643,-0.44250214858661374
TSCO,Consumer Cyclical,,0.07057306002753305,,0.02903574175955466,,0.02903574175955466,,,0.5445029744435823,0.07913220919075879,-0.031875,1.0823102452222595,,,1.0732276604354343,-0.8645552837609904,-0.17845878054657136,1.0823102452222595,1.9377829441964247,0.17845878054657136,1.243729031876788,0.8542017502082337,0.24170339261791493,-0.42766891245852,1.0819104536846762,0.23019069033305553,-0.21307748083297628
LRCX,Technology,,0.06840288410732309,,0.0268655658393447,,0.0268655658393447,,,0.4451360474977219,0.1387340483148115,-0.023925,1.8459994007680132,,,0.9793158712400514,-0.26254287353063055,0.007079217312256232,1.8459994007680132,1.241858744770682,-0.007079217312256232,1.233727414753027,1.5513849444463643,0.31681318900612065,-0.4857309616373485,2.7211599876212698,0.39083273933205814,-0.48573096163734863
ODFL,Industrials,,0.03516797866081708,,-0.006369339607161316,,-0.006369339607161316,,,0.3471018801057359,0.03892874093970986,-0.046625,-0.3000223329245447,,,0.91214505728335,-2.3665141403875465,-0.17731868128426453,-0.3000223329245447,3.2786591976708968,0.17731868128426453,1.2269184821553936,1.1531439729481843,0.2641281188857051,-0.374631734024676,0.40735838420244086,0.3115112372577449,-0.3746317340246761
JKHY,Technology,,0.03799751171667163,,-0.0035398065513067636,,-0.0035398065513067636,,,0.34343903308226986,0.04085818988052923,-0.0476,0.3229765981937464,,,0.13561529236533104,-2.1197365968482034,-0.7023617298550933,0.3229765981937464,2.2553518892135345,0.7023617298550933,1.171803740933931,0.6243487832613583,0.19424669593985805,-0.3109871808492557,0.06273160487746487,0.2105624267200352,-0.31098718084925625
LOW,Consumer Cyclical,,0.05228169415225045,,0.010744375884272059,,0.010744375884272059,,,0.6223621066445718,0.03738816931499533,-0.03185,0.259245731371859,,,1.5159738632758513,-0.8620563469040057,-0.4375283080982511,0.259245731371859,2.378030210179857,0.4375283080982511,1.1424160382403366,1.1681361086241138,0.23147026334181914,-0.31927028820052994,0.6405715877778264,0.2406521103670969,-0.31927028820052994
EIX,Utilities,,0.11188809269463294,,0.07035077442665455,,0.07035077442665455,,,0.0832659590690555,0.04710085123440779,-0.0296,2.763616123953843,,,-0.6511510263643103,-0.39077869984788194,-0.6624259404916353,2.763616123953843,-0.2603723265164284,0.6624259404916353,1.133782707073293,0.6771933662649463,0.3265950800303664,-0.3965664173042166,0.17151933019030863,0.2697517783930083,-0.3965664173042165
SYF,Financial Services,,0.11188809269463294,,0.07035077442665455,,0.07035077442665455,,,,0.00013279220509756077,-0.000425,2.309232091419595,,,,1.1038477864086593,-0.9754402316678167,2.309232091419595,,0.9754402316678167,1.1187808829014014,1.6255891039091197,0.384710822218612,-0.5715945202388524,1.6931445552743072,0.3550148388058026,-0.43614330836255455
FI,Technology,,0.10423861727585948,,0.06270129900788109,,0.06270129900788109,,,0.16189350299936345,-0.12723594206621922,-0.027025,2.6784716767832255,,,-1.3360602707589289,-0.5676337008193633,-1.7196063666383543,2.6784716767832255,-0.7684265699395656,1.7196063666383543,1.107939316065135,0.8344106970727352,0.3253781108093157,-0.7297297292922911,-0.446952590778236,0.34831513905432265,-0.7297297292922911
MRK,Healthcare,,0.07823365896499852,,0.03669634069702013,,0.03669634069702013,,,0.4171519186445901,0.043443132380360475,-0.025425,1.6586684085263559,,,0.6976841856709507,-0.29711365274672336,-0.23192522678224675,1.6586684085263559,0.9947978384176741,0.23192522678224675,1.1077715441340614,0.36823873227895154,0.18337781741404693,-0.400398520080972,0.3174361880774903,0.21428515884598004,-0.400398520080972
MA,Financial Services,,0.02686740363992783,,-0.014669914628050562,,-0.014669914628050562,,,0.47431858579339103,0.2149150780714809,-0.0518249999999999,-1.50969926204882,,,2.5328403170741005,-2.4523007707322475,1.4812378378517812,-1.50969926204882,4.985141087806348,-1.4812378378517812,1.0939291627326548,1.023896491152631,0.22957521391714752,-0.26194172384982395,0.6873862991369655,0.22026314023023588,-0.26194172384982384
CCL,Consumer Cyclical,,0.08641975456639821,,0.044882436298419814,,0.044882436298419814,,,0.20760767180391607,0.020600341331191648,-0.04505,1.6741550921580255,,,-1.1750994738721328,-1.9498293532592856,-0.5400862014534704,1.6741550921580255,0.7747298793871529,0.5400862014534704,1.0875712289087656,2.379945341791437,0.5033530821904961,-0.8933455901800311,0.3378378455780724,0.6316145340466796,-0.7621786083620206
KMB,Consumer Defensive,,0.06990852293376928,,0.02837120466579089,,0.02837120466579089,,,0.39816131881953076,-0.029456018518518517,-0.0303249999999999,0.9031215102607695,,,0.6435076154669757,-0.8250031346481825,-0.6280976334512004,0.9031215102607695,1.4685107501151582,0.6280976334512004,1.074272430840611,0.38237354717619165,0.17232089941391598,-0.2636419739795939,-0.10871836039285843,0.19910266126566184,-0.263641973979594
URI,Industrials,,0.04576480990274093,,0.004227491634762534,,0.004227491634762534,,,0.21698834236719347,0.05769021837540289,-0.06295,0.4041099027297798,,,-0.4943942072175235,-2.8061401806072137,0.07563191783826376,0.4041099027297798,2.3117459733896903,-0.07563191783826376,1.0712159668801355,1.9806727904804737,0.3914750246886078,-0.4338800352549994,2.850569863215235,0.3953771995566987,-0.35926254774856525
JBHT,Industrials,,0.03240523971944035,,-0.009132078548538043,,-0.009132078548538043,,,0.2492256909885723,-0.020763841689757933,-0.064175,-0.48131732752814843,,,-0.14184450477182148,-2.8231504442741198,-0.94930111728898,-0.48131732752814843,2.6813059395022982,0.94930111728898,1.0698556682474558,1.1476492101979754,0.22687906153446893,-0.3607030727018956,0.3232956951922381,0.2809040550156819,-0.3607030727018954
FDX,Industrials,,0.06509214482954159,,0.0235548265615632,,0.0235548265615632,,,0.22290639328037581,0.01966301853282744,-0.031475,1.5366385254618722,,,-0.4304178834156364,-1.344430806928841,-0.4344281991730873,1.5366385254618722,0.9140129235132046,0.4344281991730873,1.0671462194246482,1.3389078077515608,0.32370343213921265,-0.523365953286935,0.003912002047061991,0.31797809093151636,-0.5177574068133924
AOS,Industrials,,0.05418049930965841,,0.012643181041680017,,0.012643181041680017,,,0.4486621322219296,0.015355266449837379,-0.015775,0.936239174339681,,,1.7917559792452815,0.37267844439200803,-0.4911731227624425,0.936239174339681,1.4190775348532734,0.4911731227624425,1.0403613082296703,1.2081596249703626,0.2605790858697899,-0.4268417177444803,0.28773591899723927,0.2903868524863144,-0.4268417177444803
MSCI,Financial Services,,0.02589002424651398,,-0.015647294021464413,,-0.015647294021464413,,,0.45511833201235763,-0.015239058992642803,-0.026325,-1.5498483332144826,,,2.4609004708289954,-1.107518748988657,-1.1405084371328469,-1.5498483332144826,3.5684192198176525,1.1405084371328469,1.0355300420678375,1.104257451241391,0.2193101648106176,-0.3762599301600583,0.49379220857434625,0.2813028008623576,-0.3762599301600583
ECL,Basic Materials,,0.025572950748182863,,-0.01596436751979553,,-0.01596436751979553,,,0.3051181232738504,0.10596501691377237,-0.0384,-0.006093286888407209,,,1.9485495484741409,-1.2591472936619983,1.4796879980127648,-0.006093286888407209,3.207696842136139,-1.4796879980127648,0.9847038224965396,1.000162574541856,0.1923369922103506,-0.3782076185288169,0.21696960522396025,0.21125669705789132,-0.3782076185288169
